,username,comment
0,貓傻扁Cocat,"老實說我認為給出需要改良的地方這部分椅子做的很好
現在幾乎網路上試吃他們的店都是滿滿的好評"
1,stage,作為館長跟椅子的觀眾 還是希望椅子可以開箱便當 是不是真的當盤子敲呢
2,1,我覺得toyz很厲害的點是 對自己的感覺很尊重很公正 所以呢 可以面對很多評價跟實際有可能有落差的東西做出大膽的評論 也可以避免自己被不合理剝削 其實是一個很厲害的生存能力 也很具有可看點及個人特色
3,黃梓翔,說真的，椅子哥進行評比十分有理，優點缺點都說得很詳細，如果是真心為了自己的產品好，這些建議確實是值得參考的。
4,,"看到影片出現在我的首頁
差點嚇死啦
水牛城的部分確實如Toyz所說真的是台灣口味不是美式那種特酸特辣的感覺
其餘的部分我們會在討論改進"
5,阿霍,推薦toyz來個新系列 就是自己煮菜 煮出來的好看味道好 這個系列就會更有說服力
6,Ada YAO,今天椅子的笑，從頭到尾都是尷尬卻不失禮貌的笑怎麼我覺得好像每間看起來都好好吃
7,羽柔,椅子真的很適合當評測員耶
8,是洪彬耶,感覺這次有公道呀椅子，只要不是開箱素食餐廳，我都相信椅子還是懂吃的，素食還是交給平常天天只吃草的去評測比較公道，一般人根本接受不了那清淡
9,義楓,"覺得以後Toyz可以配氣泡水
這樣試每個味道都不會被影響"
10,k chen,其實看久了發現椅子如果再瘦一點下來的話，就是一個帥哥。五官非常端正。眼睛也很大，口條很清晰呢
11,Tina Wang,"Toyz的評價很公道~不愧為公道伯之名,以後館長便當開賣一定要買來評價看看!!不要讓人被薛"
12,劉永德,"氣氛又被椅子炒起來
看來又是一波搶購潮"
13,花雨飛,支持Toyz，雖然常得罪人，但也說出了很多人的心聲，捨椅子其誰？
14,吳克桁,就像Toyz說的 吃是主觀的每個人的口味都不同 不服就自己去買來試試！！！ 
15,Liam Li,唯一支持toyz，把台灣人不敢說的都說出來
16,何奕德,想請toyz去吃吃看濱江市場的炸雞，佩慈的炸雞，個人覺得蠻好吃的。
17,左三圈右三圈,期待能評比牢裡伙食優劣，哪邊需要改進!我相信公道伯應該不會為了要假釋而做出偏頗的評價! 因為TOYZ最公道了!
18,郑富元,TOYZ 你說話很真材實料。 不怕得罪人。 我喜歡你說話。 不然都會說假話明明不好吃因為是朋友開的店要說好吃
19,張瀞云,很少看到椅子這麼溫柔
20,阿修羅漢,"網紅、實況主, 我主要看TOYZ與館長、史丹利  ,  真心希望他們能和好, 和氣生財、和則萬事興"
21,青旺農產,能認同椅子評論皮的部份，平常吃的炸雞無論台式美式都跟影片一樣是脆皮的，直到去吃了椅子推薦的BBQ韓式炸雞的皮才知道什麼是薄脆
22,Che lai,我們家是買雞肉生鮮食品產業的我必須說 Toyz吃的也些很柴或很乾的肉質大部分都是採用進口雞肉（成本較低）因為退冰過所以水分流失肉也相對沒那麼軟嫩也會比較柴 我自己吃過週末炸雞 吃的出來他們的肉都是用本土生鮮雞肉非常新鮮而且醃料也很有特色 也較新鮮 但是就是貴了一點但是以現在本土雞肉的價格跟成本我認為還算合理的範圍內
23,ran Ternence,椅子你應該去試試看KLG台北松山店 薯條跟炸雞絕對不會讓你失望 價格實在東西超讚
24,Gamer weng,"11 : 59 到底椅子是求生慾才給9分還是真的好吃給9分
讓我們拭目以待"
25,gk fuh,TOYZ喊在~泥在直播中突然被消失真的很擔心泥~~~!!
26,李鋼,"椅子來宜蘭評過許多店家 個人覺得非常公道實在 所以挺重視他給的建議

椅子在阿晉的店評價時，看到品子出來亂的時候 
說真的有點不喜歡這樣，別用關係來影響 toyz評價啊啊啊～"
27,ka bila pxi,椅子的評價真的中肯，沒在灌水的
28,阿嬤壓車撿十塊,"很顯然，toyz就是喜歡吃腿的，雞胸這個部位本來就會柴。
有人說吃雞可以看出人的個性，有人喜歡吃雞翅因為風味最多，有人喜歡雞腿因為汁多，有人喜歡吃胸因為胸的肉最大塊可以吃的爽，完全就是很主觀的事情。簡單來說上面的三家都是可以去吃的炸雞店。"
29,Blumen Han,怎麼感覺比起艾莉莎莎，椅子比較適合開課，每次都是流量保證w
30,yb wang,TOYZ能說一下為什麼要讓員工假冒阿館的助理去查資料嗎想聽你說 還是你真的用這種招數來打這一場仗
31,Zheng 不說斯裂 o,椅子 踢館專家
32,葛冠全,這不是我認識的椅子怎麼怕了
33,施麗雯,toyz肯定吃了無敵星星持久版
34,Mr.N music,"卡一個想看椅子評測全台最頂「館長便當」,,,"
35,林素君,期待椅子出90元便當，打臉館長
36,姆噠MUDA,出現了 椅子這輩子可能都打不贏的女人
37,Chiu Andy,椅子再怎麼出包 一小時近5萬的觀看實在又噁又猛
38,Acho,8:12 我怎感覺有點雞蛋裡挑骨頭 哈哈  最後總結是 椅子不喜歡吃胸 胸不是 1 就是 0 不然就-10 笑死
39,微氣泡,椅子 陳三斤約戰了啦 你接嗎？
40,許宏瑋,椅子可以吃吃看爆Q 很推
41,小萬,椅子哥是指標，比爺爺好
42,Booker Kuo,不可能贏過高雄德州小騎士炸雞 toyz可以去吃看看
43,pow,就是要像椅子一樣夠敢講的 網路上YT每個都馬說好吃 都不敢得罪啊
44,陳彥圻,椅子是不是比較想進去oh mama旁邊的那間…
45,王昌,"小劉怎麼吃東西時眼皮都會掉下來呢 嗯？
更好吃了對嗎"
46,咻蹦閃,"有一說一  
雖然椅子人品道德確實有點問題
但是是市面上唯一敢說東西不好吃的
例如九妹不管吃什麼永遠都只說還不錯"
47,Wei,椅子 台中可以吃附近河南路的6星炸雞
48,JUN FUNG,推薦Toyz板橋有一家“御品炸雞粉圓”可以試試
49,bo bo,胡〈麻〉醬一定是toyz的最愛
50,黃義翔,詐欺美食公道伯亂評一通週末炸雞應該很好吃
51,YanXi Liu,"阿晉的店 賤葆肯定有投資阿  留言區到底在堅持什麼啦...
TOYZ飲料店佔股也不是最大阿  大家還不是說是他開的XD"
52,丁鎮民,我是覺得有有善心不錯我也是壞人啊我盡量講為人，一堆人亂說講真的這個是基本的吧，依我的江湖經驗toyz算蠻高手的直播主了
53,驕傲嬌,注意看那個女人實在是太狠了，把木曜運動會所學再次拿出來瞄準椅子
54,R焦,各位知道椅子屌在那裡嗎?  雖然歐罵罵影片中被評價一般般 但看完卻會很想去吃 看起來也很好吃 該介紹的元素都看到了  牛逼
55,金剛,下次  可以試試看蘇阿姨  一樣在光復南路上  我超愛的  不知道toyz吃過了嗎  他是台式炸雞
56,小白,"椅子是用來坐的
公正?"
57,Yu Jona,這是阿晉開的 我猜測椅子要用這種標題來騙點閱跟留言數 我先卡個位
58,嘿嘿嘿,我這個人很簡單~有TOYZ就給讚!!!
59,yagi you,椅子什麼時候來台南的啊
60,HongMing Zhang,11:05半金藍的手錶...拖椅子也是戴浪琴的半金藍浪鬼嗎? 還是半金藍勞鬼???
61,飯粒,看一看都覺得TOYZ是壓根不喜歡吃雞胸XD
62,點茶,"真的要測別人不能知道是TOYZ去買的吧，
知道別人是TOYZ要開箱要評測的或多或少都會和平常有差吧。"
63,Philips Trevor,"椅子 B.C大哪裡有翻譯一個影片 
有關於 一個即將倒閉的店
經由影片介紹講評
起死回生"
64,豬豬,誰都別想嘴不懂吃的toyz
65,Emily Ku,怎麼辦？我好擔心TOYZ….
66,Beyond H,底下的留言有些真好笑，一個標題都能吵翻天，然後椅子的道歉一直以來都是嘲諷居多竟然還有人當真
67,哈嘍你好,少加了大麻TOYZ當然覺得不夠多汁
68,Eva wang,請問Toyz直播時間
69,あなたのチャンネル,啥時有 のToyz 品牌?
70,Aries,请问toyz你的衣服哪里买得到？灰色的
71,care hu,toyz哥 也太兇 最近都沒在怕了 是不是打算在入去前，把能得罪的才得罪完，讓大家不能忘記你，話說做公益對你的減刑有用嗎？
72,陳阿牙,髒椅子什麼時候進去服刑啊？
73,a9223196190,真的完全想不透 到底為什麼有人會挺toyz 他做的很多事情都很噁心 他心思細膩操作話題真的有腦的人仔細去思考 他洗白的方式 從哭哭臉到瘋瘋癲癲 真的不是自己做錯什麼事情都瘋瘋癲癲的帶過去 其他人做了什麼 就煽風點火 火越大 他就越得意 他這個人真的是瘋了 但突然想到小粉紅跟習皇帝 好像突然覺得也不是不可能沒人挺他
74,郝丸,還想出境啊 囚犯toyz
75,峰蕭蕭兮,詐欺飯
76,仕宏 許,詐欺犯怎麼不回香港
77,nno Sa,toyz不只證明網紅能帶貨，還能帶動爺爺的血壓，太神啦椅子
78,Brian Kao,整部片無意間就看完了 只能說Toyz實力真的強懂得創造話題 口條講話節奏又都超強 真的很厲害實力真的不差
79,李孟諭,"我感覺拾汣茶屋應該很快
不用到今年過完
就會成為台灣數一數二大的手搖杯品牌了～
太強啦Toyz，真的是行銷鬼才！"
80,Ren Andre,Toyz出事前，我沒在看，從出事之後到現在我反而一直看，Toyz真的是直播鬼才…流量密碼…
81,Oscar,其實開店做生意，最困難的就是一開始沒知名度，人家要靠加盟才有曝光，這些都要轉化為成本，而 Toyz 不用，本身自帶流量，這樣也不能說別人貴不厚道，因為你的飲料店是超過十年你所累積的名氣來的。
82,TSE,"曾任職連鎖品牌店長
Toyz真的屌 揭秘連鎖體系的黑幕
我真心覺得他敢公開就表示不怕人家加盟，價格公開透明
我也是受不了我們公司變成賣貨型總部，加盟主每個都以為有錢丟進去就能賺錢，殊不知開了公司根本不管你死活，倒了就算了，記得不要跑料就好"
83,愛鸚斯坦 LPStein,TOYZ感覺是現在台灣行銷最強的人，說話讓人意猶未盡忍不住一直聽下去。
84,吾欲擊汝肺,Toyz 已經把開手搖店賺錢包裝成手搖市場革命，果然有料的人是打不死
85,Clara,TOYZ現在要做這個 就要更加多多注意自己的形象了  因為你是品牌的最佳代言人 加油!
86,John Cheng,"椅子一直很有企劃頭腦
認真做事起來果然相當厲害"
87,可哄抬,"椅子之所以能價格壓這麼低的情況，其實坦白說就是他所說的「疊價」的部份，還有網紅本身「行銷」的隱含成本，但今天身為一個新成立的品牌，再沒有網紅的行銷能力為前提下，那也只能提高品項價格啊⋯⋯
另外關於茶葉價格的部分 基本上 我們加盟店拿到的價格"
88,Ada YAO,椅子可以再開其他的店嗎？現在蔥包餅要70臭豆腐70蚵仔煎70雞排100地瓜球50藥燉排骨90夜市吃一ㄊㄨㄚ下來都可以去吃火鍋了️我說的是石二鍋之類的，不是便宜的那種，另外很多人都說房租貴，所以飲料店不用房租嗎？我們這裡的可麗餅用發財車賣，不用房租，一樣一個賣一百啊！最後想吃什麼都乾脆自己煮算了自己做就真的知道成本有多D了，東西貴是貴在人事成本跟房租，沒辦法自己煮好了只是比較難吃哈哈
89,林家豪,"茶葉雖然拿比較好，怕的就是有些人跳出來說還不是比某某品牌還難喝，所以還是要先扛的住壓力！
加油椅子"
90,David Wang,Toyz真厲害 不只會賣毒品還可以賣飲料
91,建宏,希望藉由椅子的19茶屋能讓市場價格合理化，萬物皆漲的時代還能用合理的價格買到品質不錯的飲料，看完結論是其他縣市拜託也連鎖一下啦~
92,依凡,不只飲料貴 放在車子也好貴 希望toyz也可以往這邊發展
93,翡Garden,真心感謝TOYZ!!居然說出每個人不敢說的秘密
94,克里斯,個人認為椅子利潤應該更高一點，如果水電牛奶漲價，最低薪資也提高之類的，才比較可以撐下去而不是需要常常跟隨物價上調。
95,馬Tonight,"我帶老婆下午四點半排隊到7點半任務完成與Toyz合照拿到簽名就心滿意足啦
飲料我喝“甘蔗青茶”，老婆喝：“綠茶凍梅露”，我們都給十分滿分評價～好喝
Toyz：你辛苦了。祝您們業績長虹，財源滾滾啊"
96,榮光精神病院班尼,Toyz早就預判到爺爺會爆料飲料市場的黑暗面，直播時就說明過一輪，現在剪成精華回應剛剛好
97,吉備白琴,我覺得沒有TOYZ說的這麼簡單，但身為常喝手搖飲的來說還是希望樂觀其成，畢竟現在飲料真的越來越貴了
98,飄,"10年椅粉報到,撇開所有外在因素,椅子真的是鬼才"
99,司馬懿仲達,我是南投名間人，感謝Toyz原物料願意跑那麼遠的地方採購，如果中部這邊有開加盟店的話，一定會買來喝！
100,張恩碩,推行銷理念，這十幾年台灣手搖飲漲價漲得有點誇張，大品牌一漲其他牌子跟著漲價，希望toyz的飲料店能為台灣的手搖飲市場帶來一些衝擊
101,WEITE,"可惜不在內湖
好想支持toyz一波
等衣服好了"
102,Jaky A,"也許現在的各大品牌手搖飲，起初也秉持Toyz的理念，但後來品牌擴大後人事.管理等技術其他成本增加，不得不從賣給加盟主開始疊加，來為維持一定品質

純屬個人見解，歡迎糾正"
103,阿軒,"因為加盟金而導致市場價格提升, 所以自己的品牌少了中間被疊價的情況所以可以將價格拉低, 試問那誰能解釋一下滴妹也是自己的品牌那它的價格怎麼也那麼高, 所以若是TOYZ的飲料原物料真的那麼實在, 那真的他的價錢真的很佛心"
104,男人的視角 Vision of the Man,"貴是因為其他加盟品牌的訂價策略，並不是茶葉成本。
椅子使用好一點的原物料的確可取，但開店最高的成本還是在人事及店租上。平價飲料如果量沒衝上來很容易會g掉。"
105,洪瑞呈,信義區這邊的陳零久開的久茶真的就超難喝而且又很貴，完全就是典型名人飲料店，希望椅子分店開天遍
106,甘雨滿命,椅子如果愛自己，請在未來持續監督品牌品質，不要搞砸自己招牌。然後我有經過一定去喝，現在有點遠
107,黃利閒,"Toyz真男人
試營運沒辦法北上，有時間過去台北肯定要去買來喝
不是貪便宜，是喜歡喝好茶"
108,age Win,其實對市場衝擊不大，因為店太少激不起多少浪花。但還是給椅子一個讚，羨慕台北的朋友。
109,靳閔傑,不管好不好喝    椅子開店必須支持!!
110,Alex Ciou,椅子哥太猛啦！！！不愧是要打倒整個飲料圈的男人，身為男人就是要以身作則，優先讓自己的飲料店率先拆除～我對你的佩服猶如滔滔江水綿綿不絕阿～
111,SY C,很愛吃雞排 很想知道現在一片雞排 賣80 95 甚至105 是不是真的那麼貴 希望toyz可以找出真相 找回10年前一片還吃得到60的價格
112,ttwbryant101,"你在改變台灣長久來高價手搖飲的謬思。Toyz, 雖然你有許多爭議的地方，但這件事你秉持良心去做，希望台灣人民能回到最合理價格的初衷，我們大家謝謝你，也希望你能持續下去。"
113,柯建宇,"先說不賺原物料這塊，因為椅子沒有""總部營運成本"" (原料運送 定期廣告行銷 行政會計 現場督導  總部房租 等..)，大品牌有總部營運成本，是一定需要靠原物料獲利來賺錢養總部。
再來加盟金，一個新的飲料品牌，除了有形的店面成本外，要再另花大筆的行銷費去曝光的，那一開始做品牌的這些行銷費，會透過""加盟金""這塊去賺回來。"
114,Bruce,"身為前清心員工，我一直以為30塊的純茶已經蠻便宜了
看到椅子還能賣到25 佛爆"
115,Penguin Y,"還沒看影片先說！今天去排隊了！真的能跟大品牌抗衡！這個價格我可以天天喝了！
還跟椅子拍到照！！此生無憾

只是主播感覺跟妹拍照笑得比較開心"
116,JunyuLin,影片的最後應該發不自殺聲明，這麼好的理念卻會斷很多人的財路，希望TOYZ好好地堅持下去！加油
117,guan yu chen,建議椅子還是要算好成本控管，手搖店大部份都是被店租人事成本打敗的，不過大叔我經過一定都會來一杯的！！！
118,輕描淡寫,果然我們的椅子特別懂葉子
119,sea Kiven,toyz應該要開始考慮，敵人們的聯合攻擊，接下來長時間生存才是最重要方向
120,平峰,我是真心想支持 但西湖站真的太遙遠 那天去還排滿滿的人 都沒機會點上一杯~  希望toyz第一站加盟店可以開在三蘆新板 這四個地方...  我相信支持的人很多~~
121,耕田的貓,其實台灣飲料加盟有固定幾個團隊一直在重複創品牌來讓嚮往創業的人跳進去，然後一直循環這手法，每年加盟展的新舊品牌都可以找到一些線索，希望椅子說的這個團隊不是我聽到的這種，也是現在飲料店潮流是以網紅明星的名氣為賣點所以才會有這契機，但總是會擔心。
122,Jim chen,椅子就算靠自己的名氣去開飲料店暴利也會賣翻，不過一心只想當公道伯，支持拉
123,duck,這營運模式對品牌跟消費者都是好事穩賺不賠 但對加盟者來說有店租、原物料上漲、toyz入獄後的行銷等不確定因素
124,ZhouZ,茶葉買的比人家頂 飲料卻賣的比人家便宜 改天有空我也要去喝看看支持支持 希望Toyz的店可以得到更多人的支持
125,小鬼,當然要買杯珍珠鮮奶茶後再來打LOL有Toyz飲料加持一定上分
126,威忠,那些加盟主多付給品牌的就是(美其名)牌子 營運模式和行銷費，行銷這一塊這次由椅子吸收了，這次幕後營運藉由椅子創立了一個全新品牌，一定是算過還有利潤的，一開始犧牲一些，之後就是要做出店多薄利多銷才有賺頭，總之是一片美意，就喜歡這整個團隊能否一直堅持初衷了ps這團隊敢投資一點在椅子身上目前來看也是有點慧眼識英雄啊！
127,午夜的大叔,"個人有一些隱憂見解
像是違建、便宜、開放加盟、開店選址
違規的部分能改善還好說，但是做生意的經驗
究竟是揭露別人噱價還是會做到賠錢的生意菜鳥，就是替椅子擔心的地方"
128,渺 飄,TOYZ加油 一切盡在不言中
129,阮上豪,希望椅子可以順利成功闖出手搖飲的一片天，真的很喜歡你的作品
130,紋,"疊不到30%真的蠻佛心的 ,  只是如果未來擴大經營, 賣的杯數增加, 應該還是會要升到30%左右比較好一點 , 所以 Toyz 只是負責宣傳就是了 , 不點進來看,還以為是你開的 XD"
131,小吳,"各位追蹤起來 Toyz 根本是大家買飲料的救星 ，現在外面飲料賣的貴的跟什麼一樣 
不如買Toyz的飲料好喝又便宜 讚"
132,海郎,"哭啊中路冠軍來賣飲料
都想搬到台北去朝聖了
祝toyz 可以擴展成連鎖店"
133,蜜蜂,"只能說太狠 太厲害了
不愧是椅子 加油！"
134,Yanzong Chen,認真做事的椅子真的好強
135,ka bila pxi,強烈建議不要把椅子抓進去關了，多做些造福社會的事，比讓鬼才進去關更有意義
136,帥到魅力無法擋,幹 講的真好 現在飲料店幾乎每間都貴到一個靠北 一杯飲料可以買一個便當 有夠扯 越來越欣賞椅子 有機會一定要去買買看 看是不是唬爛 哈哈哈
137,Scott,TOYZ讚啦 台灣飲料店價格 就靠你了
138,MrCARISSAXLOVE,如果影片說的是真的 現在飲品那麼貴是因為其中一方疊價弄的 那麼看來是賺很兇 其他食品衣物都漲價了 看來是大品牌公司他們在弄小市民明明原物料沒漲那麼多但加了那麼多 希望TOYZ能夠在手搖站穩了 再去弄食品衣物之類打破他們大公司的貪念
139,Frankie Fong,小劉真的牛逼 就沖你夠膽全部公開透明 就已經想加盟了
140,Y,天哪 那些飲料店全部在握拳頭了 椅子要保重 但是哪天路過沒在排隊的話 一定會買  （還是不想大排隊）
141,李虔鋐,"這邊想問一下 我看到最後看到珍珠製成的時候
椅子要如何去控管加盟店對於飲料的品質以及製程的標準呢？
畢竟如果便宜好喝 卻只有總店的口味保持一致的話也會很難生存下去 
想問下椅子 非常感謝"
142,Yao Yao,想看toyz 盲測青茶 看能不能喝出品質比較好的
143,dan,Toyz一定要撐下去，不要被肌肉棒子看笑話
144,小淵,超猛 椅子這波真的大勝 我已經預期手搖飲要大風吹了 狂
145,昆彥,"製成效率提高確實能提升營收，但來客數能穩定才是最大的考驗，飲料業市場是很競爭的。
至於毛利率方面，如果單日杯數沒有達到椅子所說的數量，人事、店租的成本就無法被高額的營收稀釋，毛利率也會跟著下降。"
146,Haochun Kao,"聽到TOYZ的初衷是想讓台灣人不要騙錢真是令人痛哭流涕
那你之前怎麼會想騙朋友錢"
147,來自基隆的OH,"我已經13年不喝 手搖飲
因為知道根本 太貴 
如果椅子 能因此撼動手搖飲的價格
看來是可以來嚐嚐了"
148,Neil C,周六就去試看看，一直都有在看椅子的美食公道伯，很好奇在椅子要求下這茶的味道
149,小吳,"其他飲料店都當我們消費者是盤子啊！！！ 
擊敗 以後只喝Toyz的飲料店 
兄弟們，大家一起加盟  支持！！！"
150,張峻瑋,椅子這樣不會擋到其它加盟品牌的財路嗎XD？現在自己有加盟賣蔥油餅，日後再考慮加盟這個在台中開
151,Vincent,"這邊學產品管理跟食材採購的來講一下話應該沒問題吧

產品的原物料大量採購後其實最貴的不外乎人事成本以及房租和其他固定成本及我們最容易忽視的隱形成本機器維修等等長期展店勢必每天都要要賺夠從原物料人士等平均分攤下來的費用，我認為一份餐點例如早餐店:火腿蛋吐司，成本有瓦斯費、房租、食材、人士等等我這裡看到一份大約是30-35，目前早餐店一籃蛋批發價粗略估計1040好了，大量進購肯定更便宜，我們算一顆蛋要5塊錢，但這是現在的價格，在以前火腿蛋吐司的購買價格是可以到25就能買到了，所以你說老闆好賺嗎?我不著麼認為，當然Toyz開的是最好賺的飲料店哈哈，我自己有進貨過相關食材，原物料很便宜，但貴的是機器、房租、人事成本，店家也不是良心企業都是要賺錢的，但爺爺有點太誇張了，一個220便當還說很大碗吃不完，我就想問，這樣不就等於吃隔夜飯，再來如果忘記就要丟掉，而且都著麼貴了食材包裝還用塑膠= =  明明有更好的環保設計，算了就當我不懂吧。"
152,馬哥,希望多多開加盟店 支持椅子
153,亦勝 鄭,"就跟那些賣雞排的一樣 成本原料3、40塊的東西賣到快破百的雞排 ~
原來因該也是跟品牌還是加盟主在抬價有關 不然東西也是都沒那麼貴~

支持Toyz繼續下去好好賣飲料 不要在那邊嘴砲攻擊別人炒新聞 之前給人的形容確實不太好 但是這次你賣飲料我給你大大的支持~~~~"
154,曾奕維,難怪飲料店越開越多，先不說被跌價過後的加盟主很可憐，如果有人拿的茶葉價格跟椅子一樣的話，還繼續賣這麼貴的價格，真的是躺著賺了
155,Emily Ku,坐等爺爺直播….很想知道爺爺會說什麼，然後再被椅子打臉
156,有錢了,椅子是不是對西湖情有獨鍾 之前做飲料店送飲料去GRX戰隊宿舍給你也是在西湖 現在飲料店也開在西湖
157,神宮ベイル,如果店面租金也算成本的話 之後展店北部以外的縣市有機會更便宜嗎 椅子哥
158,陳威達,"Toyz講話慢慢的有憲哥的神韻
然後廖老大網紅店真的BBQ了"
159,S Chi W,賣得便宜要看毛利。現在因為椅子名氣第一間店離家遠也會去買。但有可能天天跑得遠去買嗎。再加上開放加盟有沒有限制方圓多少範圍不得重複開第二間如果沒有那就可能片地開花。從而讓消費者分散。現在一間店1200百杯可能之後更高。但若一個區域內店家過多這1200杯是否會被分化。50元的價格來說67%毛利在33.5。加盟後成本往上疊20%16.5+3.3=19.8加盟業者的成本在19.8以10間店分化後可能一間分到120杯50*120=6000。毛利在4020元。人事成本店租成本水電成本一天要多少去攤才能賺錢。人圓現在一天要6個人上班那騎馬員工人數來到10個因為大家要輪流休假。薪資方面開多少如果是3萬。勞健保加一加一個人要3萬5。10個人35萬人事成本。店租假設在10萬。水電加起來在1萬～1萬5的話再加上稅金。房屋稅金以及2代健保。電話費瓦斯費。大概固定開銷可能落在50萬一天要16666的業績才打平。折舊攤體要攤多少！攤個5萬那開一間的加盟金以及裝潢設備的金額是多少。這些都算進去那是否還能賺錢就不得而知了～
160,Reese Natalie,"我分享自己的感受~~~

我喝過中南部特大杯1000cc 紅茶只賣20元，也喝過一杯60元的紅茶，價格不代表好喝與否，只在於合不合你個人的口味，若60元的紅茶覺得好喝，那對你來說他是成功的，而Toyz紅茶，我覺得是成功的，因為我覺得好喝~ (有些紅茶茶葉帶有特殊風味，像是果香/咖啡香/麥仔香/日式紅茶等，就看個人接受度與否囉 )"
161,林羿廷,椅子真的是鬼才....根本是打不死的小強
162,sp h,"難怪這麼多網紅開飲料店,還是Toyz公道"
163,鄭智穎,給toyz一句良言，你就像諸葛亮，但諸葛亮總是叛逆出險棋，所以他最後輸給了司馬懿，不要做歹事，多作善事
164,蔡便當,椅子企劃真的很強 訂閱了 也期待能來南部
165,kung,"toyz代言的飲料.確實直接去仲介化才能拿到相對應的價格!!! 我家裡有種芒果,toyz有機會跟你合作嗎?一起來去仲介化"
166,淺不可測Fathömable,我2/27那天點了紅柚翠綠無糖少冰，非常好喝，我吸幾口就喝光了，滿足，謝謝Toyz
167,老爹水產日本進口和牛專門,當初廖老大開就讓人沒什麼想去喝，Toyz開感覺就不會令人失望。
168,楊宗庭,當初也因一個芋頭冰品飲料加盟虧過一筆錢 以飲料店來說一天至少需兩萬營業額左右才不會虧錢  以椅子一天一千杯最便宜的茶類 一天營業額2.5萬 一個月75萬 盈利67% 約50萬盈利 員工8個正值輪班加點pt不用很大的店 租金 還是都有盈利 當然如果一天一千杯而已 是不太需要到八個員工輪班pt 
169,酥修,Toyz真的強，每次都能扭轉局勢
170,尬酒螺仔,嗨椅子最近變你的粉，以前常看館長，也抖內過，最近只看你，館長之前都不錯但這次他真的過了大頭症跟碰轟自大的醜陋面露出來了⋯你的邏輯完全屌虐，越來越欣賞你
171,噹噹噹,TOYZ其實生意頭腦不錯...只要用在正當生意上絕對是有機會的..
172,律 自,感謝椅子 公開透明
173,彭子家,如果我是椅子的話 在這個風口浪尖 我可能真的不敢出門
174,xiao,小劉果然是個狠人
175,HL豪,Toyz以後開到有良心椅子夜市都不意外
176,何秉翰,"Toyz. 它只是在創造一個品牌....就像自媒體創造自己的樣子、包裝、行銷,也實測飲料市場投入的成效,算是很實際的社會實驗！當然投資沒有絕對的,後續還是要看消費者、市場接受度、還有經營者各方面的變數調整！！這次實際投入,比許多的專業教授都還有說服力,很多高階的EMBA都是花錢紙上談兵,最後再換取一張用錢買來的“專業經理人證書”,這說來還真諷剌...呵...,總之~我是希望這會是台灣之光！！"
177,Yn Su,toyz要不要自己開一期公道伯，推薦一下十九茶屋有哪些飲料推的（Ｘ
178,馮瓊儀,原來打不死的椅子是來革命
179,黃明龍,比較好奇喝完之後會不會有酥麻麻的感覺，畢竟椅子認證
180,Lannister Scarlet,台灣需要Toyz的飲料革命，跟揭穿四顆蛋一樣
181,Zen Liu,椅子的嘴跟那個好像誠懇的態度真的厲害
182,朱屁屁,這個說法是在每天生意好到爆炸 客源多到爆 不然租金跟人事成本 還是吃非常重  要開店的人必須要想到這點 但是椅子這個做法有想要開店的可以嘗試
183,平常心,太真材實料了啦，toyz台中等你要喝爆
184,ccyang,「他的道歉一直都很有誠懇。他每次做了一些我們不能接受的事情的時候，他的道歉都會讓我們覺得他下次絕對不會再這麼幹。但是每次，他下次就又這麼幹了。又這麼幹了。」 ----史丹利。當時以為我不可能再看TOYZ的影片了，我還是太年輕了
185,Queena2114,toyz好棒
186,加密魯夫 CryptoLuffy,TOYZ真的狂!!另一種踢爆!
187,陳仲鈞,"椅子想請問一下
整片看完我的理解是
你們用的茶葉跟別人是同一家
但是你們還是用比別人更高等級的茶葉"
188,天目,toyz想請問是不是雞排店 早餐店 都這樣疊價搞呢?? 會不會是破解台灣物價迷思關鍵?
189,1994 112-,"有一種第六感 五年內會收 或是跟加盟主起糾紛
椅子初期做什麼都成功 但他就像實況界的兩津勘吉 最後做什麼都會爆"
190,野原新之助,Toyz真男人
191,老周,老闆娘 up up可愛唷 ，椅子為啥不提一下店址呢:D
192,施空空,前天去喝了一下這個價格這個品質非常有CP值，事實證明現在的手搖飲品牌方都是賺爛的ㄎㄎ，從加盟到出貨再到分潤還賺不只一手，椅子割一出手簡直就是照妖鏡ㄎㄎ
193,顏士彧,Toyz 請問你有喝過華得來的飲料嗎～是一間位在台中清水的飲料！目前有兩間店！也是料多實在，可以試試看！價錢又便宜
194,路人君,"only one adjective can describe toyz, that is handsome."
195,_Jupes_傑普斯,等之後被動到蛋糕的加盟主們會怎麼對付飲料椅子
196,孫道榮,我開過飲料店 確實如椅子說得這樣  椅子這個價錢確實佛 但還要回歸到客人身上 還是要有客人才能賺錢 椅子真的在革命飲料市場
197,WeiTsung Cheng,其實，toys 要做飲料店，館長酸沒有什麼道理，當年館長做健身房，也是很多人在做，沒有人逼你加盟飲料店。不過，toyz 飲料店是否可以，維持品質且用業界較低的價格給消費者，相信大家都很希望可以ㄧ直走下去，畢竟飲料80，90的真的買不太下去
198,Shibar,期待椅子在高雄有規劃開店，我目前還不知道有沒有
199,盧宗平,"疊價的部分不太理解，TOYZ說品牌方會疊價導致加盟主只能再疊到飲料價格上轉嫁給消費者
可是同品牌的飲料店不管哪一家門市不是都是一樣價格嗎？ 那這樣是要如何轉嫁給消費者？
不太懂...有大神可以解釋嗎？"
200,阿兔阿兔,Toyz加油支持你!!
201,莊誠,"TOYZ我覺得你很有能力，但數學不太好....

最後的那些表格應該用他牌飲料價位比你的自有品牌""貴多少%""會比較客觀
因為你這片所講的一切都是以自己飲料店為主，同樣的以價格來說，應該要以自己所賣的訂價為基準參考點..."
202,邱,"我都懷疑館長是不是跟toyz私底下有合作，每次時間點都剛剛好！館長幫忙推一波就發片，把曝光衝到最頂最滿。
表面上的罵其實是深深愛著他"
203,mark chan,toyz說: 你這對手，我只需要預判了你的走位已足夠，只用了我兩成功力。我很久也沒找到對手，需要預判他的預判。
204,Lee,椅子來竹北開，絕對每天賣1500杯以上
205,HsiuChen Kuo,"椅子哥 賣完都不公告的 
我都大老遠跑去了⋯
明天會再去！"
206,浮沉,toyz 館長最新的直播 我看完後 感覺資本的差距 讓你好像處於下風 開直播反擊吧 讓我們重新重獲信心 再為你出征 大哥 我們等你
207,尚儒,太狠了TOYZ
208,Kaimeila,明明就只是團隊去找TOYZ宣傳，椅子卻要說的好像自己開設的一樣.....這點需要對大眾解釋清楚吧.....
209,空條Q太郎,聽椅子這樣說起來，再睡5分鐘好像賺很多滿黑的
210,Stanley,館粉不要再來亂了 toyz都叫自己粉絲不要去館長那邊亂了
211,ZOZO FUN,超棒的拉 Toyz
212,john1233135,椅子要開建設公司嗎，房市需要你
213,Sheep_Lin,"小劉可以研究披薩店嗎
客戶一直說沒賺錢
卻分店一家一家頂下來
然後一直跟我們殺價"
214,KJF,"椅子好厲害好聰明喔
連五十嵐這些大品牌大企業都是腦B都沒想到
實在""""佩服""""阿"
215,yoyo,椅子本人真的好矮
216,小輝陳,椅子何時來高雄開店，我一定常常光顧消費
217,Samuel Tse,Toyz 真的很強
218,香蕉,toyz加油！！！！
219,Fuiuf Lfgiih,Toyz看茶葉園第一反應以為是哈們園
220,william ling,果然是toyz.... 现代版 （诸葛亮）头脑一流！！！佩服佩服
221,浩 陳,Toyz 加油加油！
222,魏義紘,椅子哥 太神拉
223,楊家浩,怎麼感覺已經看到椅子被踢爆的即視感
224,Mike Lee,我有預感椅子的店以後從北到南都喝的到。
225,Raku Raku,TOYZ 哥!!!，我都係香港人，非常 SUPPORT 你的，你真係好似吳卓羲，不過你靚仔D!!!!!!!!!!!!!!!
226,小翔,"椅子哥，今天特地從新竹上台北要買飲料，結果買不到呀~~
何時要來新竹開分店?"
227,i know i lee,我只能˙給toyz 777了  真的很厲害
228,Tim TU,椅子哥請問這樣薄利多銷的營運模式等人潮熱潮退了不會出問題嗎
229,樹樹,支持椅子
230,Sobe Zhang,椅子什麼時候要賣房子～
231,mehngkun,椅子加油啊！
232,Shaun Hzz,椅子茶飲一炮而紅，三公分館長嫉妒恨呀
233,呂奕珣,價格破壞者  Toyz 雞排一直漲 要不要處理一下
234,乾蝦早安,我們的椅子永遠是賺錢的那個 加盟賠錢不是我的事
235,akuma,詐完人之後做生意很清流對椅子改觀了 然後大戰館長館長也輸爆了
236,黃晨晨,在這邊卡一下 等看看倒了被割韭菜椅子腦粉
237,mao mao,好幾天沒看到椅子了 渾身不對勁  快點出來~
238,張JOJO,這樣擋人財路  小心哦椅子哥
239,黃婷,椅子好讚
240,CF D,"那椅子就很雙標了阿

而且比愛莉莎莎更割韭菜
光是5年不漲價100%賺不到錢

很明顯就是想賺一波加盟金後拍拍屁股進去關然後遣送回香港"
241,小鈺西瓜,"TOYZ  
 為您推薦下檔新品
🫶🫶🫶🫶🫶🫶🫶"
242,武玄o山山,TOYZ要不要簽屬一份 絕不自殺聲明，哪天不見都有可能，希望還能看到你的影片
243,yoyo yoy,"真希望小劉能抨擊一下房市這問題 

支持話幫我推一下謝謝"
244,Remainder years,Toyz 卡布gino一定要有的吧
245,SC Lin,TOYZ讚!
246,社長,椅子哥這波違建問題你一定要撐住 我還沒去排隊買橙汁汗啊草
247,阿威,小劉你有料
248,Yen Yen Hsieh,什麼時候蓋房子Toyz
249,謝宗翰,"日賣1000杯,不是每個點都有這樣的人流,
未來到比較偏僻的縣市營收打對折還可以賺錢嗎?
""品牌""店為何比較貴點又多,似乎有點道理!
再來Toyz行銷好,但是形象真的差到暴,"
250,秦天,椅子哥我想加盟
251,張ZHANG,這部影片確實很說服人 但是你各位加盟主要想想 這個人連好朋友的錢都能騙 跟你們加盟主非親非顧............ 當然我也是相信人能棄惡從善的 讓大家看到椅子變好吧 希望這人別讓大家失望
252,嚮往自由m,TOYZ比胖虎好太多了 還硬要人家叫他師父 笑死
253,TU BS,椅子台中會有嗎
254,KaiJie,椅子哥 你怎麼客串鈴芽之旅
255,Thomas,Toyz被抓進去關後還能待在台灣嗎?
256,aabbc369,水拉椅子
257,chawy,"TOYZ的飲料為什麼這麼好喝？
因為我加了大麻"
258,LBP Lwh,濕鳩茶屋？我覺得toyz係想咁讀
259,Bright 阿光的生活物語,toyz有點內容。光是台風口才已經打趴現在很多屁孩YT了
260,Sky Chou,Toyz 你好 我有個夢想開網咖 但是沒能力 我覺得你可以完成 靠你了!!!!
261,godgod cha,濕鳩茶屋，TOYZ你真的還是很香港，非常濕鳩。
262,鄭宇欽,之前直播我怎麼印象看過椅子說最貴49元 我記錯嗎
263,BJ,toyz直接選總統拉 台灣社會太亂!
264,FLOW,所以這店實際不是toyz本人開的 是那個團隊開的 你只幫忙行銷？
265,陳柚子,那個胖子整天只會消費別人 看看椅子在進步差多了
266,小明 廖,"館長跟toyz選邊站 統神選你耶
https://m.youtube.com/watch?v=qtRvuCzRxEI 32分30秒左右"
267,jochife huange,"啊怎麼刪影片了 還想大事化小歐 
詐欺犯"
268,游燁,先是大麻，然後詐欺，再來背信，現在又跟違建扯上邊，就算公司負責人、地契不是你，也是又騙了粉絲一波，韭菜真好吃
269,TIM L,請問Toyz什麼時候要進去蹲
270,morgan JH,詐欺犯就詐欺犯 講那麼多
271,Ronnie W,"希望全家也找椅子聯名一下

出一款美食公道伯系列的商品"
272,台南第一深情,別怕椅子你現在是開無敵的，合併執行
273,哇哩勒,"看到九面要聯名就知道又要薛一波人氣了
這個價格跟廣告就直接不會想試
我們感謝椅子來踩給大家看"
274,布魯,前幾天看完影片馬上買來吃 我深深感受到丁特遇上橘子的感覺 椅子也很中肯的代替消費者描述消費後的心得 而且我認為相符度體感是100%
275,KAZE,"這集真的是...
椅子甭怕甭擔心~
彼此都是公眾人物.都是可受公評之事
感覺椅子 說話技巧...進步囉~"
276,食客玩家,其實椅子講得沒錯啊～找九妹代言，然後把他的代言費都加到我們消費者身上，真的有一種買到虧到的感覺。我本身是長期吃便利商店的一般上班族。平常就是買一個便當然後再配個飲料可能在買個飯糰之類的～誰管他是誰代言啊！我只管好不好吃 口味是什麼而已好嗎 ==
277,啊凱,太佩服了太中肯，人類需要你啊椅子哥
278,小企鵝,雖然感覺的到椅子微帶火藥味，但就是缺你這種真話公道伯，越真越支持(敢說真話的人不多了
279,蘇忠平,只有Toyz敢講真話！！讚～
280,Tyson Chen,"傳說中一集得罪一個網紅的男人
我就知道椅子的開箱永遠不會讓我失望"
281,Binpee餅皮,難得toyz吃到大家都可以輕易嘗試到的料理，我也親自嘗試過，更加相信toyz在頻道說的話十之八九都是實話，我吃了奢華海鮮丼也是感覺沒什麼特別的，東西都跟普通7-11的差不多，可能好吃一點，但貴了很多，完全不值（我個人也是joeman粉絲 絕對沒有偏袒誰
282,AK,期待椅子聯名一個平價又吃的到你所說的不失望的商品~~~
283,Lumi To,椅子哥真的好敢講耶，還叫大家不要買 XD
284,Hong David,有無敵星星的椅子從不讓人失望 讚!
285,Chih-Jen Cheng,好希望Toyz去跟超商合作一下！想吃看看美食公道伯的超商美食口味～～
286,Rumble,全世界也就Toyz這麼敢講，我真的太愛你
287,阿凱談天說地(阿凱公民覺醒紀錄),"感謝椅子幫我們省錢
沒有必要嚐鮮了"
288,Blumen Han,竟然可以逼出Toyz的美食公道伯系列，九妹狠角色www
289,YT W,"9man超記仇的
不愧是椅子超敢講XD"
290,Sohary,希望椅子可以也聯名一下，做出可以對得起消費者的東西
291,L K,"前幾天去711想買個便當 卻無意間看到jeoman的商品 想說好奇試看看 卻發現錢袋不夠 就沒買了 

但看完TOYZ的開箱覺得老天爺眷顧"
292,CHIENYU LIN,感謝椅子把我內心話說出來，真的就是吃一次後就永遠不會再買的商品
293,Loki,"只有Toyz 能超越Toyz
YouTube法院王
我的超人"
294,Beyond H,"給推，這部仍不愧對美食公道伯的招牌，有去實際吃過幾次就知道口味就如同椅子評論的那樣：

抹茶超難喝當屬所有品項最爛；烏龍麵最像樣，說得上好吃。"
295,盧宗平,"照燒雞飯糰真的取名很誤導，而且TOYZ說的很中肯，海鮮飯糰是真的期待落差感很重，完全不想再回購
照燒雞三明治個人覺得是所有品項裡最好吃，而雞蛋的部分嘛....7-11所有的三明治都有類似情況，所以不意外"
296,Ellie Liu,謝謝toyz 以後要常光顧你的頻道
297,腿腿,期待Joeman開箱椅子的飲料店
298,Moon,"椅子已經比以前還含蓄了哈哈
但其實跟711其他品項比起來味道好很多"
299,luuu Luu,"Toyz真的評價中肯，我第一次買照燒雞拌飯咬下去的感覺就是
這三小，雞在哪裡
回家看九面影片才知道原來那只是拌飯飯糰
名字真的可以取清楚一點，有被騙到的感覺"
300,Jay Lo,希望椅子能跟全家聯名，打敗7-12
301,DS,謝謝椅子為廣大消費群眾發聲！
302,蔡YA,感謝TOYZ直接幫我排雷了，不用被JOEMAN抽成到
303,Owen Smart,即便沒有這部影片的出現，我也不會買，還好沒有踩雷！謝謝Toyz說真話！
304,ChillHighHigh,"剛吃完奢華海鮮丼跟8倍蛋
覺得海鮮丼還不如鮭魚卵飯糰
然後8倍蛋跟看Joman 影片的蛋量差很多 小劉影片裡的蛋包飯的蛋量才是真實狀況
結論 ：被盤了一波（乾"
305,627 James Wang,我以為椅子會拿飯糰來做蹦粥，不過椅子進去的時候可以會客多帶幾個分給同學蹦
306,黎曦,"椅子太爆幹實在，不過開頭別直接說臭別人比較好
DDDD
草莓大福全家完勝小7
4:42 看到翻三明治蛋沙拉那邊真的笑死"
307,Emilia C,很期待 Toyz 也出個商品讓大家嚐嚐鮮，也讓其他 Youtuber 評價看看，相信一定美味又實惠。
308,展望未來,椅子哥還會做到讓客人來試喝產品(壓力測試)，9面人就是少這一步  不應該這樣欺騙消費者 真的很可悲。
309,張Q,"Toyz作為反正義英雄的角色非常的OK阿~牛逼
用YTber的身分幫觀眾講出一些心裡話，優質"
310,陳偉航,椅子沒有葉佩的時候真的超級公正敢講真話
311,洪芷芸,如果九面真的告他的話 其實是變相承認椅子說的事實吧 九面也是一般消費者 很清楚自己代言的商品確實就是椅子說的那樣
312,賽羚羊,期待椅子跟超商聯名 一定買爆
313,YT預言家,"吃完之後…再看這部影片
我真的太挺你了偷椅子"
314,鄔薩薩,講真話是給商品建議調整的空間 應該不是真的要戰 支持椅子哥
315,HSIANG,"就種就是我想看的開箱
鼓勵四大便利商店的產品企書能來找TOYZ，只要他出的代言商品，於情於理於公於私於愛於恨，一定有一堆網紅來開箱，某方面算是一種潛在廣告"
316,MAGIC LIN,感謝toyz 讓我連嚐鮮的錢都省了
317,莊誠,另外期待TOYZ新開幕的飲料店能帶給小弟大驚喜!! 期待中...
318,Queeny Fung,"雖然我覺得joeman很多影片都很好看 製作團隊也很厲害
但是這波我站Toyz

有些joe粉或者中立撚或者椅黑首先要記得一個大前提："
319,Pingu,我買的那顆飯糰倒是很多鮭魚卵，但干貝蝦子連渣都沒看到，我買這顆飯糰的主因就是想試看看干貝在711飯糰裡會是什麼感覺，結果變成鮭魚卵飯糰，看到椅子的飯糰我覺得應該是配料不均勻的太離譜，幹我的59塊啊啊啊啊啊啊啊。另外那個抹茶個人覺得太甜，完全喝不出來我在喝什麼，喝不懂，謝謝再聯絡。
320,帆哥,椅子真的是老百姓的救世主
321,Avicii,"超愛椅子有一說一
以前只愛吃7-11鮮食
看到網評一直說全家越來越厲害
去吃過發現"
322,陳小茗,我訂閱的youtuber也有幫忙工商，看過就很想買爆還好先看到這集椅子幫忙踩雷，少花了冤枉錢
323,YTJ,對toyz來說便利商店食物應該都是答辯
324,Andy,提醒一下 關於Toyz說現沖的抹茶拿鐵的部分，連鎖便利商店咖啡機的奶不是一般鮮奶，都是奶粉調和的
325,Joseph Chang,"我只吃過他們八倍蛋，但實際吃起來真的完全就是跟Toyz說的一樣，番茄醬出了很大的問題。真的很不明顯。建議另外自己再加上番茄醬後會比較好。
而八倍….可惜沒有一般版的可以比較8倍的差異，看起來很多蛋，但會發現炒飯的是堆疊成山形，所以看起來很多….很滿"
326,veg,toyz講的很中肯真的頗難吃
327,1年10班 賴寶玉,感謝椅子試車 讓我們不會踩雷
328,johnnyer,"對拿鐵的評價跟我們家觀感完全一樣... 不如買現泡或是再睡五分鐘的還比較好
期待JOEMAN開箱椅子的飲料店臭回來XD"
329,蒂兒,就等椅子這集 太喜歡你了
330,騎士米,"蛋只有3/1….有點慘
草莓大福沒有草莓….
類似廖老大一樣的商標
椅子各種爆擊！"
331,Lil Lun,YT圈不怕得罪，敢開箱Joeman系列出來公審的我相信只有toyz了
332,三星的人別聽慢歌,"又是一波流量 椅子超人 我的流量人

這樣看完影片後跟我實際在超商認真看成分說明一樣
草莓大福只賣35  本來想買 想說可能是平價或是奢華中 比較平價的選擇"
333,Black Jack,看完joeman本人自己的開箱 和toyz的開箱 確實有落差
334,要邏輯有肌肉,狂!椅子 joe是不會讓人失望!
335,微酸冰奶茶,第一次看Toyz的影片，覺得評論還蠻中肯的，也不會有什麼特意要攻擊、帶風向的感覺，就事論事，從一般民眾的角度去看
336,IOA X,"昨天剛好買了8倍蛋包飯(用OPENPOINT1點+99元兌換) , 
個人吃起來和TOYZ敘述的幾乎一樣, 很無聊的口味,
醬料跟蛋太淡無法跟包著的米飯很MATCH ,反倒是星宇航空出的雞腿丼飯個人比較喜歡"
337,菜鳥廚師阿杰,"久違的公道伯回來了~~

btw現在看到toyz的臉都會想到上次跟香菱泡湯的事情XDD"
338,小鈺西瓜,"7-11： Toyz嘛！我們有個合作  
 叫合併執行
Toyz：我真的原地嚇到欸！"
339,莊誠,其實說真的我也是JOMAN的粉絲，還好TOYZ有幫忙開箱，不然我這個連假一定會有滿滿的失落感...QQ
340,程子欣,只有椅子的影片可以全看完不快轉
341,Jason Yin,椅子還想拖攝影師下水，還好聰明閃避掉了
342,Bob Chang,昨天才開直播 這部片也剪太快 不愧是椅子 跟緊時事 知道大家要的是甚麼
343,wanchun chen,小劉答應我們永遠不要在食品上用臉當logo 
344,Derek Kwan,目前吃過其中2款，Toyz講得蠻中肯
345,柏軒 黃,能待在椅子身邊的人也是蠻強的
346,秋水浮萍,"看來～偉大的椅子哥替大家受罪了！
讓大家免於受雷～！
果然是身懷無敵、語不驚人死不休！"
347,水戸ノ助,"兩天前也吃過全品項了(除了照燒雞拌飯),基本上對食物的評價跟toyz差不多,哈哈哈"
348,宇楓SpaceMaple,我本來也不是討厭JOEMAN的人 我甚至是他的觀眾 但這次這個真的讓我覺得挺賭爛的 很多就是原本有的商品 變相加價賣 而且還比以前還要差 比如照燒雞糖心蛋三明治我以前常常吃 很好吃 料也算蠻多的 結果我這幾天去買現在這個聯名59$的 變貴也就算了 裡面的料也跟TOYZ開的一樣超他媽少 .... 有夠不爽
349,陳威,希望Toyz有空在內湖可以來文德吃吃看「我還有點餓」店名
350,Alan,我昨天吃過歐姆蛋，我覺得椅子說的沒錯，他如果番茄醬在淡一點，我應該會覺得很爛，現在這個味道真的也勉強而已，不過我沒看價錢，今天看這影片才知道109元，那真的是有點貴，如果這樣我還比較推吃小七的打拋豬、綠咖哩還比較好吃，我印象牛肉麵也不錯．．．
351,樺Hana,"我就是那個買信仰的
剩草莓大福沒吃過
真的就是像Toyz講得這樣
不過奢華飯糰的魚卵片我有驚艷到啦"
352,神崎BEST 生活.家電,看完之後....感謝椅子花錢替我們試吃
353,9021006,希望joeman 可以開箱toyz 的飲料商品.
354,放川良,拖椅子吃狗食都覺得不差，九面的商品大概比狗食難吃
355,陳大天,"感謝椅子哥開箱,原本想買,看完就不想買了"
356,JJ B,可以問一下為什麼有部分留言說椅子現在是無敵星星狀態？
357,CC H,觀眾就是希望聽真話，Toyz....不作假
358,派女星,椅子標準太高了
359,林冠宇,抹茶拿鐵 剛看完就去買 真的我喝一口就丟了 太真實了toyz
360,溝鱷,"剛才特地去買，花了我將近1000
結果只能說...不會有第二次了就跟toyz說的一樣
大概就只有死粉買了會覺得好吃而已..."
361,bung Bung,"看來TOYZ在排往後拳賽名單
持續增加中"
362,雨傘,會不會改天換 Joeman開箱 Toyz飲料店  又或者提告呢 ->下部影片揭曉
363,三丐沒事,"以前因為Toyz犯罪變椅黑
經過這一集正式回歸椅粉"
364,oomakitw,"去年沒聽toyz的評價去吃板橋大遠百的""添好運"".....吃完覺得toyz的評價已經很保守了....我個人不會再去吃第二次..."
365,1L N,椅子跟阿滴蘋蘋開箱的東西一樣嗎，怎麼兩個講的完全不一樣
366,水噹噹,"吃個東西整天厚度厚度的煩死，吃和牛厚度，吃牛舌厚度，現在吃個便利商店也在厚度
椅子這集無條件給讚"
367,Miles,我猜那個小圈圈又開tg 靠北椅子了哈哈哈哈哈哈
368,Tommy,椅子總是不會讓我失望
369,靳閔傑,看完覺得椅子真的是有一說一     沒理由特意去臭    就真的看完影片自己也不會想去買...
370,yoer,"照燒雞飯糰 
應該去消費者基金會或法院告他詐欺了!!!
""醬"" 拌飯 卻寫照燒G"
371,滷蛋黃酥,"推薦toyz 去全家買一顆草莓大福來吃
保證有草莓"
372,廢片法師梅師姐,Toyz講的太含蓄了，應該直接表明口感極不佳，避免消費者踩雷。
373,K Kao,"椅子的評價很中肯
但提出的問題基本上
所有便利商店食物都有的
跟484九妹商品沒什麼關係了"
374,拉進來打出去,就是長相問題！卻只有你敢提到，椅子人，我的超人
375,Bob Chang,椅子的飲料店要上市了 還敢這樣處處招惹網紅 respect
376,holdiit3 must,感謝幫忙，感謝幫忙，期待椅子吃館長的便當
377,大神一馬,"Joeman 下一期
平價律師 對上 奢華律師 feat.Toyz"
378,Mike,"我挺toyz
根本拿我們當盤子"
379,Yuuki Konno,感謝Toyz，裡頭的垃圾我一樣都不會買
380,honk chou,看到那張臉就pass了，感謝toyz評測
381,Resilienza,阿滴也太挺了 還是toyz中肯
382,幽默的巴黎人,"網紅原來就是這樣騙錢的上架當天就買了奢華御飯糰跟蛋包飯。整個就是難吃，飯吃了一口就「飽」了還說產品都是精心挑選過的⋯⋯
期待改天有機會DISS一下TOYZ的飲料店"
383,L Candy,美食我只相信拖椅子，跟千千(他們都是有說一)不怕得罪人
384,阿信彈唱,這才是我最愛的椅子
385,哥哥,欸 toyz 我認真覺得你很猛
386,Jia Hao Ye,感謝椅子幫踩雷 看了真的有夠爛 哈哈哈哈
387,Cactus,Joeman前幾集才提到Toyz! 你是不是在報仇哈哈哈哈
388,榮光精神病院班尼,阿滴.蘋彭：TOYZ你怎麼真的撕破臉
389,。。眼,反正都合併執行，現在的椅子是無敵的
390,Martin CHEN,謝謝椅子🫡
391,Chun-yi Lin,椅子說好吃的都是重口味的食物
392,teaterhøgskole Statens,Toyz回來了
393,Jane MI,好急喔，椅子哥，馬上拍部片想臭。
394,Howard,唯一信仰 拖椅子
395,xuan _zn,TOYZ:欸?有網紅跟711聯名耶 幹我好忌妒哦 不行我得不到我也要把他搞下台 我就是這麼賤
396,Heero Yuy,"光那個草莓大福就夠詐欺, 只有草莓醬是怎樣...."
397,Olivia Z Lin,你看久妹那身材就知道他很好喂了，還是看椅子實在
398,林BB,"4:21小劉出來惹事了！
九面：等一下 聽我解釋 蛋荒 我也很無奈啊！
反串別高潮"
399,阿修羅漢,"唉..... 很多影片一堆測評都很假, 只有TOYZ才是真公道, 事實上就是又貴又難吃, 一堆假鬼假怪的測評,  
吃的時侯內心早就幹翻了, OS : 這樣的份量與口味,  你他麻之要賣那麼貴! 只能用天龍人的表面與夾子音, 苦笑著說: 我覺得還可以耶, 不錯呀~"
400,朴彩英,Toyz下次麥克風收音可以調大聲一點嗎 有點小聲
401,正宜陳,椅子也有職業傷害啊？胖了不少
402,web web,Toyz跟JOMAN評側的區別就是 Toyz比較敢講真的不好的點  JOMAN則是完全不敢說壞話 絲毫一點點都不敢
403,唐家欣,Toyz我的超人 先訂閱
404,遊玩一生,托椅子
405,DB Q,為甚麼 偷椅子 不用當兵  不用坐牢
406,YURI Sakazaki,Toyz 館長正在直播用髒話罵你的名字
407,楊茂璿,完蛋toyz 的包手我覺得不好看
408,楊宇軒,"草莓大福沒草莓消基會不用罰嗎
詐欺了吧"
409,花月嵐,"九麵至少有新意敢出 雖然味道不怎樣
不服你也能來出  麻椅上訴飲料 炒麵
還要用大吸管來訴
裡面沒有大麻 沒有螞蟻 沒有椅子"
410,CT,吃不起米其林，吃得起小7吧？大家去吃吃看，再對比Toyz講的話，就知道484同路人了，對吧？
411,FENG AARON,哈哈 看詐欺犯因為一個三明治的蛋在那假崩潰好好笑
412,小麥,Toyz的標準，奢華海鮮丼59元，鮭魚卵應該要59顆？
413,Asuka,笑死。一堆人在那邊捧椅子，叫椅子聯名啊
414,Zhi,認為 Toyz要刻意酸Joeman...
415,陳小王,toyz講的就是真話，現在的商品能對消費著佔便宜一定坑到底，銷量下降就用名人網紅去洗無腦跟風的消費著，講真的消費著能買單消費著自己也要想想
416,Catoro,覺得能起死回生不只是 Toyz 自己的人生經歷和心理很強，這些員工也占了很重要的角色，佩服 Toyz，也佩服這些員工相信他和不服輸的精神，新年快樂
417,Abbott Brr,"不愧是經歷過人生低潮才講得出來的話
椅子哥真的有料 身為老闆完全懂你說的
Respect"
418,吳祖霖,小劉 越來越有料 會客菜感覺可以自己弄了
419,愛喲我的媽,我是從椅子出事之後開始追的，一開始是看著難得有YTR出事可以吃瓜看戲的心態來看看，但是後來發現這個YTR對所有事情的處理態度與方式，公關危機處理都能以一個會讓你想繼續了解下去的題材在看，真不愧是流量鬼才，這是我按下訂閱鍵內覺得CP值最高的一個YTR，不追怎行
420,劉廷.,Toyz 真的是一個很聰明的人 邏輯很強在思考的也非常深入且廣泛 回答的這些問題若沒在事先就曾有過類似的設想的話 還能吐出如此據有內涵的言論真的很有料
421,長佑池酒,"小劉真的很會講話
就算開課程也比那個誰好多了"
422,Cheng,終身老椅粉來了 祝小劉可以一直保持內心的理想 活的快樂精彩
423,R B,這部影片應該讓很多喜歡toyz的人 相信自己沒有看錯人
424,Takamori,"小劉人生是真的比一般人精彩很多
蠻多觀點聽的挺有感觸的
太多人喜歡站在道德制高點來""客觀""看事情了
比起來 小劉行事作風 比較像真的""人心"""
425,北投許光漢,"Toyz
不管遇到再糟糕的事，都選擇面對 這句話聽很多人說過，但聽你說還有自己最近的遭遇真的覺得很有感，新年快樂愛你愛你"
426,Yuuuching,"雖不是老粉 但對椅子走過這些覺得很不容易 好多觀念真的好值得我們一看再看 
憂鬱症那邊我竟然流眼淚了 
謝謝你拍片分享 這集拍的好棒 "
427,kl.,"I love you Toyz, this is wise and inspiring to watch, I thought I was a smart person, but I’m not, struggling, your words save me and give me a whole new picture, you’re not a saint, but good enough and kind, thank you, you will always get my support"
428,珛玥,"Toyz 這集講的太棒了 滿滿的正能量 
支持你請繼續加油！"
429,阿葦Awei,"椅子哥加油～
椅子哥講的真的很好、很正面
希望椅子哥以及大家都新年快樂 順順利利"
430,情侶日常 Kgs&Pounds,Toyz加油 睇住你一步步變好真係好開心
431,J,撇去那些不對、不好的事，其實Toyz也只是一個，努力追求自己變得更好的人，期待你變得更好，不要重蹈覆轍
432,何玗倫,謝謝Toyz，追了你好久，能成為你的粉絲是最棒ㄉ一件事
433,救急試念觀世音,toyz對朋友的定義就是，有過深度的交流，互相輸出過，彼此獲得過對方的什麼，才算朋友
434,Ada&Winnie channel,每次看完椅子的直播或是影片都獲得一定的啟發，感謝椅子所有的影片
435,LO,太頂了椅子 心中永遠的中路野獸
436,pig Yolo,"謝謝小劉 本人在19歲出頭的時候發生嚴重車禍 今年21歲 顱內出血以外右手腕骨折左大腿粉碎性骨折顏面多處骨折額竇開放性骨折 
現在也還在憂鬱症的水坑裡面 看到有你可以描述憂鬱症以及給出方法真的很棒
周遭的親友真的不懂我心裡到底想要的是甚麼 我也不敢去表述我真正想要的 我懂這些怪不得他們 但我還是會無法控制的宣洩"
437,我的學習筆記,"TOYZ真的很猛
人才中的人才~
很難想像如何走到這步的"
438,arias minato,"想法接近的人真的會互相吸引

以前看lol、遊戲什麼的都沒什麼關注
也是在椅子被抓開始吃瓜的人"
439,Group6-Alan傅子宸,超愛椅子不管打遊戲還是美食評論都很喜歡，聽完椅子講完感覺有讓現在的我有點方向感了
440,YK C,"自從出獄後我以為TOYZ的影片會一直喪下去 (美食公道伯系列除外) , 沒想到會出現這類影片.
另外蒸蛋的話, 我是覺得用蝦米比蝦仁更好吃 ."
441,BEN Zheng,椅子哥這集有料，新年快樂
442,石在人,小劉真的會煮欸!!!有料
443,arthur king,這集椅子讓我們學到很多 當他的粉絲好幸福
444,剎阿,Toyz 加油 希望你可以越來越好
445,Rocky,超喜歡TOYZ對朋友的定義這段，我也超認同!!
446,WEITE,"有貓就給讚
真的太搶眼了
椅子加油"
447,派大星的好朋友,小劉2023新年快樂 ️一切越來越好！
448,浣熊,"這影片的人生經驗分享能說是乾貨了，尤其在講憂鬱症那邊XD真的很屌，憂鬱症是最討厭別人的強迫跟心靈雞湯，

椅子領悟的東西是我過好多年，跟著心理師學習才理解的，尤其是那個無力感，其實就是認知的改變，想法終究是想法，大家都只能活在當下，要怎麼設想未來都可以，往好的往壞的。"
449,Ｍｓ．🌙ｅｎ,台灣的朋友們 沒有啦 香港人沒有只愛吃醬油啦 。 雖然工商不是李錦記但我想告訴大家 李錦記有一款料包 叫醬爆牛仔骨 我覺得好好吃 打開加熱拌飯 沒胃口的時候加這個真的很舒服。覺得toyz說的錢 權 名 ，我覺得好難過 我也覺得 認真的是為這個而生的嗎。我是一個很上進的人 但是 現在的我 只希望我老了時間要到的時候 沒有病痛不用臥床 可以自然死亡，如果有一天toyz可以咀嚼到這句話 我相信你會更加理解快樂的定義。愛你喔
450,樂 謝,加油椅子 那些殺不死我們的，必使我們更強大。
451,丁文凱,謝謝小劉介紹，蒸煮袋很適合我租屋處欸，因為只有兩台微波爐可以用。
452,nk ta,"我也是不服輸，對自己的人生來說。我只能說有時候活著比死了還痛苦 但是因為堅定自己會有所成長 做人方面一定可以再多學習  
多理解他人 也要反省自己的缺點
人生沒有污點的人 人生一定沒有那麼精彩 經歷過黑暗的人才能更上一層樓 椅子是我欣賞的人 因為遇到問題了 在鏡頭上也敢表現真實的東西 這很少人做的到 你很棒 加油"
453,musenliu,新年快樂 兔年繼續支持椅子
454,呂紫魚,"以前是椅粉 到Grex的時候都是
一直都覺得有自己想法 夢想 跟目標的人 很帥氣

但中間從轉戰YT後的椅子"
455,Mingshran Chen,"椅子真是個很有魅力的人~  希特勒也是~ 沒有人能打敗我~ 除了我自己。
可惜的是跟丁特與史丹利的關係吧~ 親手把單純的友誼摧毀了~這是比較多人覺得扼腕的..."
456,Boyan Liu,出事以後的椅子變得更棒了
457,阿羽,"館長絕對會後悔自己失去跟椅子合作的機會
我身為廠商端
椅子的工商方式真的比大多網紅強多了
很多網紅的工商方式"
458,阿澤,椅子哥新年快樂
459,徐郁翔,小劉 下次可以讓員工品嘗一下監獄料理的味道嗎
460,Bai,"最近我也怕我黑化
總之希望你能永遠是小劉
加油
最後！遠離館腸，肌肉腦是沒救的"
461,CC L,想看Toyz來推薦在雙北裡，他吃完覺得道地的港式茶餐廳
462,踢歐歪力的女朋友,椅子新年快樂我永遠愛你
463,Jimmy 1way,"老粉簽到
我大椅子邏輯口才根本屌打99%的yt"
464,伍越添,TOYZ棒棒喔~
465,esn_1108,新年快樂啊，椅子
466,LEO,幹~ 這是我看椅子拍出最有意義深度的影片了
467,浣熊,椅子新年快樂! 先來看看影片(希望有臭豆腐XD)
468,北七低能,很棒的人生觀 難關過關關過 最鐵的椅粉 祝椅子哥順利 新年快樂
469,間黑男,椅子 新年快樂
470,給斯特,你說的是感覺是小說裡再講的真我，小劉何時要教導大家修仙？
471,Alex,TOYZ加油!
472,XTY,愛死椅子
473,steven Lee,"椅子 
活的通透"
474,小青,那個...有人也覺得toyz蠻帥的嗎？
475,Zhi Cheng,椅子加油
476,如月,想問椅子跟筱崎炫還有聯絡嗎
477,拒絕色情,toyz的三觀跟我一樣 尤其是朋友方面
478,MoReKa 114,"互相輸出 當是我就想歪了
抱歉了 bY小劉"
479,Brandon Chien,小劉原地加油ㄝ
480,許名偉,椅子 還有人炸你 來跟我說 我來處理
481,迟缓儿统z,這套尾牙套餐名字叫詐欺欸嗎
482,椉畻,椅子哥 昨天直播沒跟到 怎沒辦法看了
483,Tzi,椅子加油
484,Jackson Hitt,我購物車放799元商品也有輸入你的折扣碼，但有75元運費，沒有免運。小劉可以解答一下嗎？
485,蘿蔔頭頭,椅子哥有興趣合作嗎
486,chio chan,大家為甚叫Toyz做椅子？
487,sun run獵仁,靠背那工商也很靠北椅子哥不愧是流量鬼才
488,Kevin Lee,"廣告文案挺強的，如果是Toyz的文案的話千萬別放跑了
相思李舍看得我都有點想去了"
489,kevin cheng,蕭媽媽的水餃貴的沒吃過，買一般的高麗菜或韭菜的OK，重點其實不是在水餃，是在他的醬料區，其中用他的青醬真的是無敵好吃，我都點麻辣乾餃，有高麗菜或韭菜二種水餃都有，也有麻辣醬加花生加青菜，CP值高。貴的就應該像TOYZ吃的感覺，應該是吃不出那個價值。
490,褲襠,太感動了，小劉終於發片了，但我比較想看直播ㄚㄚㄚ
491,Alan,椅子什麼時候要直播！！！！想看直播跟練拳的後續
492,丹尼丹尼,3:10 Toyz對業配的演藝，真的挺牛B的
493,Jeff Yang,找椅子拍博弈手遊廣告 很棒的理解XD
494,AndrewAY,幸好toyz的廣告不是拿著手機玩遊戲說：「你們看看這遊戲有多好玩，我又中幾百萬啦。」如果是這樣的廣告我第一時間按倒讚看到什麼百姓、依x那些FB廣告真的無言
495,但丁,這應該是提前錄好的。 椅子IG動態說過要下禮拜才開直播，因為病毒太強，他沒力氣開直播。
496,IRONy MAN,這業配全程TOYZ都是笑著，到底給了多少$= =?
497,湯爵伃,小劉，這集超精采，按讚了
498,Angela M.,Toyz 加油
499,GG人,椅子的影片，且看且珍惜，看一次少一次不知何時會斷更
500,s迷途羔羊,椅子完全不怕啦，直接硬噴也...
501,Sunniee C,看到椅子幹爆水餃，晚上趕快吃蕭媽媽壓壓驚! 他們家東西得挑啦
502,黃俊傑,這幾天沒看到你 我已經不知道之後沒有你的日子我要怎麼度過了小劉
503,盛水,看到廣告跳出來本來想快轉掉，沒料到廣告還可以這麼toyz（好笑），看完整個廣告還在笑
504,小鹿,看一集少一集 我真的很怕椅子又被吉
505,T.K.C,坐等椅子開箱館長便當
506,天行者.安納金,店很敢賣 TOYZ很敢講 
507,aaa lee,"看完了以後
小劉阿，我真是替你捏了把冷汗"
508,Ryan,有一说一，toyz可接多点这种广告，有话题度、广告费也多哈哈哈。喜欢toyz
509,阿甘,為什麼椅子的廣告比較好看XDD
510,朱紹誠,我願意沖咖啡給椅子喝 保證不打槍
511,蠟筆crayon,toyz怎麼開始工商智障手游了
512,YEN C,椅子哥邀你過年一起玩聚寶ㄤ賴
513,佐久良友紀,差點以為小劉不見了
514,大頭安,請問椅子哪時要去館長那裡練拳？
515,Nn N,想問椅子這件衣服哪買的
516,jeremy lin,椅子你都確診失去味覺了怎麼當公道伯？
517,A Fu,椅子的項鍊是 烏鴉的嗎
518,林儒儒,"糙.
Toyz最好給我每天上片
不然遲早把你送出去關"
519,aabbc369,水啦小劉
520,黃婷,小劉️
521,ho hh,小劉聲音是不是變了
522,JCL,TOYZ的剪輯真的是很到位，最後蛋塔那個...真的是有笑到，給剪輯加薪啦!
523,Mudi Chung,建議蛋塔可以多加個菜品叫科學麵加粥，toyz一定給好評
524,貢九桃NinePeach,其實搞個小蛋塔放點心更適合，並且放置在吃不飽可以續點，又不太高的成本，而且增加飽足感，那個牛排看起來就好吃!，Toyz評價有道理，吃不飽你搞個水餃衝三小? 重點是還不是什麼義大利餃之類的，而是冷凍水餃...
525,音無,食材、廚藝沒話說，但創意料理，好不好吃很主觀，所以人家才會找toyz去評論或辦試吃，蛋塔真的很用心
526,維,每次在晚餐前看椅子評論就很有食慾，看到牛排就更餓了有機會想去嘗試下
527,RAY RAY,"TOYZ 評價了這麼多 餐廳菜色 
希望能有 其他YT 訪問 餐廳主廚 的內心想法"
528,RockY,祝椅子早日康復啊 
529,玉米,請toyz出個toyz專屬菜單  以後鍋就給椅子扛了 完美
530,🍯 Wini 危尼 🐻,抱歉我笑開懷…感謝Toyzzz…也感謝蛋塔很有度量
531,rubbish bin,"有多小老闆能說出口,只要toyz說不行就收一收,這氣量才是男人,比住在裝甲車的雙標女人好多了,值得支持"
532,炫奇,那個牛排真的不錯，我朋友上次花6000去吃 雙人餐評價其實跟椅子差不多～食物創新牛排好吃 但吃不飽🫣
533,肉哥哥,看的出TOYZ真的很在乎粉絲的感受
534,且行,椅子在幹美食公道伯時是最正常的時候
535,J ason,"老實說除了牛排和羊排以外其他的菜都看起來沒什麼食慾
椅子都收了錢吃每道菜都還覺得差強人意，那這份菜單是真的不怎麼好吃吧哈哈
(聽到吃不飽會補水餃直接罵髒話會笑死)"
536,何俊鋒,光看影片畫面與椅子有同感~那牛排一定超讚的~除了肉質一流外~那恰到好處的熟度比之什麼茹X葵或華X斯X牛排館都高端~
537,王王毫,壓力有點大 因為老闆在旁邊XD 感覺椅子還是會收一點 不能直接炸氣噴
538,凱宇梁,椅子早日康復啊
539,ugly1129,"toyz 夠公道,有認識一個美食部落客,幾年他推的餐廳都沒去吃過,唯一去吃他大推海鮮餐廳就打槍,連炒飯都沒熟米粒小小硬硬的
才知道一堆推薦都是事先吩咐好的特別做,不管分量還是擺盤~失望"
540,張威棋,Toyz大大，很推薦開箱新竹誠食館的無菜單料理，非常有創意有非常美味，又讓你飽著回去！相當推薦
541,YAN JUN ZHANG,想看toyz拍網紅餐廳（特別的）創意料理
542,Reese Natalie,"希望蛋塔看到我的評論~~~ 
我本身因為興趣會研究食譜，也懂得中西餐料理(有考證照)，我覺得牛排色澤很好，相信烹調方式下足苦工，感覺口感與熟度是我接受的範圍，另外創意料理漢堡品項很不錯，值得嚐一嚐，但是除此之外，其他都很普通，看完影片恰好就像Toyz觀點大同小異，若我是不會料理的一般人，可能都還能接受，也或許還會感到驚艷，但除了牛排以外，就真的很一般 ..."
543,Shaun Haung,"我用看得就飽了XDD 
Toyz的食量有點驚人XDD"
544,H國,"下次來個Toyz套餐
淡菜擺盤可以改一下
牛排看起來超頂"
545,Alena Hsu,還是最喜歡Toyz 美食公道伯系列 哈哈
546,穩彰記帳士事務所,感謝Toyz分享美食！
547,許文,"看完椅子吃完 給我感覺就是

食材很好  廚藝就.."
548,飛飛,椅子 項鍊直接貼在皮膚上會有牛郎感 建議戴在衣服外 哈哈
549,Andy Peng,"建議椅子哥的攝影師
Aroll跟Broll的白平衡
顏色一致看起來會比較舒服"
550,章瑜擱,敢叫椅子去就很帶種了
551,林楓,雖然被館長踢出師門，感覺還是蠻喜歡TOYZ的XD，繼續當兩邊的粉絲
552,張先生,"阿蛋塔就付錢了 
還有什麼公平的
蛋塔先付錢給toyz 再來叫人可以隨便評論
阿都收錢了是怎麼隨便評"
553,HIYOU OH,"塔哥可以跟Toyz合作
慢慢下去改善 會越來越好"
554,Yu-Hsiang Lin,2500一客的套餐，聽完toyz的評價反而不想點了，還是單點吃牛排就好
555,arthur king,熟悉的椅子回來了
556,雪暖暖,我覺得蛋塔態度很謙虛 但希望謙虛中帶點自信(不要太過卑微的感覺?) toyz也沒有光批評不點重點~  影片整體不錯看
557,wen yang chang,光是願意給椅子評論 這氣度我就給過了  比某個崩潰雙標仔好多了 不聽人講話 跟個小女孩似的在那哭
558,jeremy lin,恭喜toyz確診了！
559,Wade Wilson,"業主願意接受真實評論就算不錯了，接著看怎樣改進一下。

不過其實google評論有去過的客人應該也都給過意見，在小劉去前之間餐點做過的調整是不是還是不夠好？"
560,李,蛋撻花錢請TOYZ 改造啦  相信更有話題性！
561,Kid Crazy,"就想挑戰一下toyz 是不是真的懂吃 
去吃一次看看"
562,李彥徵,吃這個感覺不如去吃紳士燒肉 椅子給過的寥寥可數
563,Alex_panamera,今天椅子這穿搭，說不出來的怪
564,蘇蘇 蘇,椅子確診多休息
565,P WEI,想請問椅子哥的項鍊是什麼牌子的
566,巴拉巴巴巴,有料欸 蛋塔對你改觀了欸，你很敢欸，花錢被公審 我只能說，就我的指標，椅子比米其林更能說服我
567,鴨小,我反而覺得有些地方沒有很喜歡椅子的態度。 蛋塔反而虛心受教的態度
568,胖達,其實我覺得toyz的衣服很好看欸 有好心人可以告訴我是哪個品牌嗎
569,ShihYu Chiang,椅子這鞋子加鞋墊有十公分了吧墊完看起來有173
570,Jack C Shih,蛋塔本來就說Toyz不懂吃阿，當然給你在這亂噴
571,煎蛋,我愛椅子
572,陳泊,椅子好像真的很討厭花花草草
573,葉俊葳,看剛看完就4552人 椅子讚
574,人謎語,蛋塔阿 你不如請TOYZ幫你改造付錢 還比較有效果
575,吳承祐,希望椅子別去館長那邊練了 太多機會能被館粉燒了
576,阿不拉,Toyz你在失望什麼呢，你去吃米其林的 份量少不拉基的，唯典客的量算不少了吧
577,Nige,比起toyz他那个菜单。。感觉差好远。
578,Wei Zheng,很喜欢听Toyz 胡说八道。
579,SIN,蛋塔是否後悔找Toyz ?
580,迪,椅子有點腫欸
581,袁米里,toyz你484越來越像杜汶澤了....
582,王大洪,要是宣傳館長商品，光看完開頭，館長就會開直播怒噴當時是toyz找我的欸，現在是什麼態度
583,nomad chao,Toyz胖了
584,科比卡溫頓,椅子你贏了，情緒勒索館長，館長直接給您予取予求，資源就放在那，館長贊助你訓練，跟你也不是師徒關係，館長願意吃虧，但贏在了真性情，真男人！椅子你就好好訓練！真小人非你莫屬！但請拜託，一定要打敗鍾培生，並且聘請一位專業的拳擊教練，推薦拳擊小潘，他真的很強！成吉館的教練畢竟是屬於MMA 領域，跟拳擊領域稍微不同，花點小錢，增加贏的機會，成為下一個台灣版傑克保羅。
585,Chou Chou,Toyz屁孩不懂吃
586,Kai,老實說整體配搭都讓我每道都想躍躍欲試，而不是像有些搭配會有些突兀的菜色，我也很支持椅子比較注重食材原味，調料是個配角不該搶走主食材風味，甚至好的配料可以在把主食材風味在提升，總之這次搭配的菜色很喜歡，cp值又高
587,GEOFFREY LAW,很傳統美食公道伯的感覺，要求也是本來他傳統的要求，TOYZ本來就喜歡食材味道大於醬料味道
588,吳麗麗,甜點是最後對這家餐廳的印象~覺得Toyz講的很對~ 還有朋友開的店很虛心接受與改進~相信不會讓大家失望~~((PS : 奎丁女神您的分數表忘了打分數啦XDD))
589,王子杰,很喜歡toyz說的一句話［雖然簡單，但是是好吃的］ 吃東西就是這麼簡單又純粹
590,MuMuก็ʕ•͡ᴥ•ʔ ก้,看Toyz吃飯就是莫名療癒! 有機會一定會帶家人朋友去吃><
591,Nate Nié,"2:08 
Toyz因為個人口味調整配菜當然十分合理

不過其實搭配泡菜並沒有比較日式或比較韓式的問題 大家可能有看過在日本的""日式""燒肉店許多也是提供了泡菜 甚至冷麵這種傳統韓式料理"
592,Channel,我會從香港來台灣嚐嚐，Toyz雖然不是什麼美食家，但這個世界上就是普通人最多嘛，沒到那麼專業，但簡單好吃卻是最重要的
593,龍浩武藤,最愛看 美食公道伯 恭喜Toyz回歸
594,Rossi,這是一個很棒的合作  11800確實佛心 一人平均也才2800出頭  日後也會有許多餐廳找TOYZ合作對餐點指點屬實雙贏 我在紙也給予餐廳志高的評價  根本不是以往看其他YT的業配合做 看了很假 這個真實多了
595,林小牛,椅子真的是老饕等級，對食物很有天份
596,范金平,這個套餐比什麼東區一堆高機燒肉店還要超值 不愧是椅子 無懈可擊
597,nl D,椅子️的昆布鹽 跟脆的海苔這兩個細節太了
598,G C,跟toyz合作的廠商太有眼光了~
599,倒讚專家,這將是Toyz三分熟牛小排味蕾的巔峰時刻了，接下來可能只能在監獄吃肉鬆粥配Gino的涼粉
600,妄想症,有準備的toyz 口條無可挑剔
601,BB保雲,"感謝小劉推薦
但想請TOYZ指教一下
美食到底是吃...食材, 還是吃烹飪技巧呢?
我也明白好的食材用簡單的做法就已經很美味"
602,小鬼,Toyz 加油 唔好比人睇死 支持你
603,Never Lucky,難怪前幾天要怒噴墮哥來刺激流量，原來是馬上有工商的部分阿!真的是企劃鬼才阿小劉
604,奇軒 呂,椅子是我少數網紅屆看得最開心的！
605,外星語音樂,姑且不論好不好吃，基本上看完應該不會覺得不好吃，主要是看椅子的人氣，接近3000的價位，或許體驗一次可以，但就基本上而言能不能吃到七分飽其實是一個問號，當然不是說要吃多飽，看完份量感覺男生去吃就當作是吃氣氛的，或者吸引粉絲，女生應該沒問題，我的話也在考慮，或許可以嘗試一次看看，畢竟看完23道菜，以我個人本身份量就不大的人，對我來說23道菜可能七分飽而已，但椅子能推薦的可以嘗試看看。
606,Wilson Yeh,有機會去試試，感謝TOYZ的介紹
607,メロン喰い組のスライム,不愧是鬼才Toyz
608,廷,Toyz有沒有考慮開會員抽獎請會員一起去美食公道伯
609,Yi -Long Ma,上次看到有人那麼認真聽椅子講話的還得是Gino
610,justin lu,我好奇這套離椅子的人生菜單還差了些什麼來著
611,Tyson Chen,致流量之鬼業配之王，東西好不好吃我不知道，但TOYZ的SET竟然是四人餐，感覺不太對阿.....依照腳色設定不該是沒朋友的個人餐嗎?
612,KilinW,Toyz菜單的重點就是不能有草味
613,林祐漢,"好久不見的美食公道伯
話說為什麼IG跟小7互相退追了 椅子哥"
614,Lin,我還以為最後能看到小劉招待老婆的單
615,闕帝勝,"Toyz設計套餐有一人套餐嗎？
看了好想吃，
但湊不到4人啊！"
616,w indy,"？？？？聽到價格我傻眼 椅子節目看久什麼價格都知道差不多
只是這四人套餐比我想的還要低 是怎樣
這樣份量去其他地方 不只這個價錢吧"
617,Nn Wei,小劉怎麼沒邀請嫂子吃
618,救急試念觀世音,很喜歡toyz，有多少人跟我一樣是在今年才粉他的？
619,詹冠貓,最愛椅子哥
620,Bang,先幫小劉按個讚
621,Boyan Liu,這部片看得很舒服 每一道菜看起來都很好吃 配上Toyz的口條 直接原地勃起
622,man chung,現在是toyz還是小劉~~XD
623,Kid Crazy,"這些细節加toyz把口 高级更多了
你相信是隨便一個犯罪的人令給你的感覺嗎"
624,張茶茶,剛剛發現google照片上陳艾琳跟toyz菜單一模一樣
625,P an,椅子覺得吃之前需要呼一點嗎？
626,Ju N,小劉果然挑嘴 衝一波來去ㄘㄘ看
627,Pierce,沒找篠崎泫ㄘ喔椅子哥
628,張維恩,"剪輯方式是不是不太一樣了啊？
有點不適應椅子新的說話節奏"
629,Google Lei,「Toyz每次的道歉都很誠懇，誠懇到大家都覺得他下次絕對不會再犯，可是往往下次他又會做出一樣的事」---史丹利
630,Jamie Su,"小劉出來之後真的變了一個人
假如以後能當反毒或是戒菸大使
那是真的respect"
631,Mr.N music,感謝Toyz哥 讓我平常沒抽過煙的人 也能透過影片去試著體會那些抽菸者對於戒煙過程的種種身心理上狀態轉變與心得感觸 結論：還是別抽煙比較好
632,hua Y,"好難得看到這麼勵志又正經的TOYZ,而且第一天跟最後一天，臉色明顯好很多！厲害！"
633,紅豆泥,椅子要堅持下去 要拍這種紀錄片不簡單 萬一破戒 全部支持你的粉絲不知道有多失望 加油啦拜託 就算進窯子了 也要堅持住
634,我不是故意的,小劉加油，第一步永遠是最難的，但只要有開始相信您一定能變得更優秀，謝謝你帶來的歡樂<3
635,Zai Berd,加油 Toyz 你的以身作则真的让我很敬佩 我要向你看齐 尽管之前犯了过错 都没有关系 人谁无过 知错能改就好了！
636,Du Du,"這集真的有料 , 感謝TOYZ  , 也會推薦給身邊的朋友.
也會告誡朋友.工作不是中斷戒菸的理由跟藉口."
637,上一頁,祝願toyz可以越來越好
638,夜起,"toyz為了直播犧牲奉獻卻因此遭到了毀滅性的打擊,我們會永遠記住你的椅子"
639,秋JunXuan,看到TOYZ豪車出門 錢開始有慢慢賺回來 生活也慢慢變得精彩 恭喜TOYZ重回風光  雖然不是以前的野獸了  但還是希望以後能繼續燒錢拍更多優質的影片及推廣電競!
640,Grace Zhou,"看了好幾遍，真心覺得8:00的椅子好可愛

恭喜戒菸成功，希望能繼續保持
也祝福你之後能越來越順利"
641,QArc,toyz近期影片都有再視這讓觀眾從多方角度去看事情 我覺得很棒 toyz 加油 要更好
642,雨天,"toyz近期影片都在回饋這個社會
respect"
643,Take easy,Toyz 加油，紀錄片拍完了也要持續維持喔
644,wh,椅子哥影片真好看 果然還是不會讓我們失望
645,亦寶吃不飽,恭喜Toyz戒菸成功！！！ 本來以為中間想要抽0.1濃度的時候以為難道要失敗了嗎但Toyz還是成功的忍耐不抽真的很讚！！！
646,Sean,"這影片很好 優質!
 應該多多拍類似的題材 加油小劉"
647,yu cheng,希望椅子頻道保得住，我還想看直播
648,錫蘭的表姐,"今年31 已经十年烟龄～ 很励志！为了以后更好的自己。
有点可惜Toyz晚上九点半直播是我们这边的凌晨三点半"
649,Caleb Kuo,這招是不是可以理解為是給法官看的加分項目？ 厲害～祝椅子成功
650,方寒,我們在此祝福小劉 一路順風放心地去吧
651,梨子,椅子很棒，繼續努力下去
652,張力元,超屌!!! TOYZ加油!!! 雖然你曾墮落過 但可以看到你的轉變 讚啦!!!
653,林哲賢,Toyz哥！！一起加油 目前第19天路過
654,殺豬刀,影片質感越來越讚 加油Toyz
655,小夜 Sayo,希望 Toyz 能持續戒菸下去，千萬不要又抽回來了~~
656,Ry law,"我相信toyz 從來不會令我失望
期待你下一次改抽鴉片"
657,esn_1108,"必須給讚，非常喜歡以Vlog的形式出現的椅子
感覺更貼近了。"
658,存在感很水,恭喜椅子 戒菸14天 希望你繼續保持下去內
659,Anthony Lai,"自從Toyz戒菸後,生活過得更精彩,更有意義XD"
660,arias minato,非真粉而且嘴也很賤，還是支持椅子R~ 希望所有努力的人都能慢慢地把自己變更好
661,Zhi Cheng,太棒了椅子我對你刮目相看，兩頻道已訂閱
662,z84114514,聰明的小劉只說不碰會上癮的東西
663,Frank,"不抽菸了！我們呼起來！
開玩笑的希望椅子繼續堅持下去，長期讓大家看到椅子的改變，應該就能完全改邪歸正回到世界第一中單！在我心中第一中單從來沒換過人的，加油香港噁男！"
664,間黑男,太厲害了 說戒就戒掉 不愧是小劉
665,Saitama,加油toyzz！！这很励志啊 我也燃烧斗志了
666,Zheng Wei Lin,看完你的戒菸影片，比看外面的戒煙宣導影片還有用，有讓人想戒菸的想法 TOYZ 加油！！
667,黃先生,太厲害了Toyz 看完先抽一隻壓壓驚
668,陳柏瑜,我感覺戒菸是一輩子的事，靠意志力撐幾天把生理上的菸癮戒掉還不算難，更難的是之後每次遇到通常會想抽菸的情況，心理的菸癮都會跑出來一下，這種狀況我也不知道會持續多久，我戒了五年都還是會有這種反應，希望小劉可以撐過去吧。
669,king勛,椅子加油！！！！正能量爆棚啦！
670,llll,戒菸真的難 你果然超於常人 以前我新收跟人打架去違規房兩個月出來還是抽 懂得就懂 toyz加油
671,椅子,加油   祝椅子戒菸順利
672,Cai Shangyu,"我也是一個討厭菸的人 我現在18歲  希望我能永遠保持一樣的想法
住Toyz戒菸加油"
673,麥口酥,"椅子哥 我也是戒菸一陣子了
自從去年八月 陪伴我們家的愛犬因病離世
花費了龐大的資金也搶救不回來一條生命
加上自己菸齡10多年，肺部其實開始咳嗽不適了，再加上一直以來抽菸對身邊的人確實沒有好處。"
674,oMe,"椅子我幫你想到了,下次還可以做戒尻/戒糖/戒油炸/戒熬夜/戒電玩/戒手機"
675,SFlash,小劉真的很努力在打動法官
676,傅一宸,"椅子哥加油 我也在戒菸 
目前已經快半年了"
677,uvyz,的確影片最後小劉眼神變得有精神了
678,莊惟俊,看這 小劉的 戒菸紀錄片 我默默的 點起一根 深吸了一口 舒服
679,STAR,"去勒戒所戒毒後現在戒煙
期望下支影片小劉可以戒色"
680,孫糖飲,看來椅子真的很想留在台灣
681,小伍,"很喜歡Toyz旁白的聲音
但
可以不要笑成這樣嗎"
682,在幹嘛,Toyz加油戒掉煙了！還差一個而已
683,DJ Tom,"看完我趕緊點了一支菸
話說Toyz能每天運動 久了就會對運動上癮 也能幫助戒菸"
684,莉莉卡Lirikaリリカ,"椅子戒菸加油!
我也戒菸過 真的不容易 但是戒菸完之後真的舒服很多"
685,Aaron Tsai,我是菸齡快17年 至今已經戒菸超過5年了 戒菸就是靠意志力!! 前三天最難熬 想抽菸我就喝水 一有想來一口的念頭就猛灌水 打遊戲一定放一瓶2千CC的水再電腦桌旁 現在碰到二手菸 會有厭惡感.......戒菸好處多 如:抵抗力變好 晚上睡眠品質變好 盒包也變飽了..... 如沒抽菸的朋友 能不抽就別抽 有抽菸的朋友 能戒菸就戒掉 恭喜TOYZ戒菸成功!
686,可可,太扯了椅子 有戒菸過的就知道這不是一件容易的事
687,周冠瑱,Toyz，其實你想要的是寶亨九號對吧，你的慾望就像一顆皮球一樣，如果你用力把他壓下去，它呢還是會反彈回來的。
688,yomin chang,"既然拍了影片說要戒菸,希望椅子日後說到做到阿, 如果之後反悔又抽了,可不是說我又上癮了做效果就能呼嚨過去,真的希望好好珍惜粉絲再給你重新再起的機會"
689,424 leo,邊抽電子煙邊看toyz 加油
690,藤野向陽,究竟Toyz三個月後會不會變成Stanleyz呢
691,葛格優葛,"49小時那段  高規格反社會人格出現嘞  大肆得情嘞  還有辯論自己是為了要工作  來妥協   (抽一根) XD
要忍住阿  Toyz~"
692,小罐罐,博士上次被嗆開爛車之後呢馬上換一台瑪莎拉蒂看看椅子會說什麼。
693,南加大衛哥,13:15 原來Toyz家裡還有養老鷹
694,貝爾遊戲頻道,喜歡這種影片 能認識小丑以外的椅子
695,暫時不發片,希望椅子下次挑戰一個月不尻尻
696,獵虎,建議TOYZ可以買個薄荷條(鼻吸劑，越涼越好)，當想抽菸時就去吸鼻吸劑，鼻吸劑的薄荷涼味衝擊鼻腔會有種抽菸的錯覺，多少可以降低想抽菸慾望。
697,蕭瑜馨,"最近也在想戒菸 我最近超愛toyz 每部影片都有看 剛剛看到這個影片 決定開始戒菸

我是女生 一天抽快2包 已經抽五年以上 之前吃過戒菸藥 很不舒服很想吐 "
698,崎椅果,下次安排减肥健身企划吧，TOYZ瘦下来后像周汤豪，筱崎泫昨天才去周汤豪演唱会了，减肥后一定更喜欢你！
699,李昱辰,恭喜小劉戒菸成功   抽根菸慶祝一下巴
700,waterywingz,"Honestly, Toyz, you are not one of my favorite ppl on YouTube… and I can’t say I like ya very much, given your previous “incidents”. But D@MN, boy, GOOD FOR U for quitting smoking  I grew up w a smoking father, too. And I was quite turned off when I saw you started smoking onscreen. But you are amazing for being self aware, and making this video, and making ur colleague quit w you, too "
701,joe wu,煙彈戒了 現在換戒煙 走向更自律的人生了 椅子
702,Lin Ze,Toyz 你最後忘了量體重 我比較好奇戒了到底會胖多少還是瘦多少哈哈
703,冬晴霜,"小劉太勵志了,讓我想抽根菸壓壓驚"
704,布涅貝哲,"反而toyz香煙要戒 但大麻反而不用戒 就戒掉了 
笑死直接打臉那些說大麻比煙 難戒的人"
705,杜呱呱,Toyz加油～
706,Jay chieh,"被小劉深深的影響...
我決定從明天開始就去下載Doggo Go"
707,Eric Chang,真的假的 我有抽菸 能體會戒菸的感受 椅子真的能戒菸成功 給你一個大大的respect!!!!!🫡
708,錫柯的號角,"Toyz發誓要戒掉所有會上癮的東西
這句話懂的都懂
大多數的大麻使用者是不會上癮的
但還是去合法的國家用吧"
709,嗨你好,給toyz：咖啡配煙，快樂似神仙
710,林賜海,"一樣都四年 只是椅子是兩個月 Gino是十個月
笑死"
711,wei,拍給陳怡珊法官看 太有料了托椅子
712,Nathan Tang,"有時候我覺得台灣人真的太善良了, 一次一次被騙, 又一次一次去相信. 我相信只有台灣才能做到. 香港日本韓國歐美國家跟本不可能有這種情況發生,.    Toyz現在還有業配, 事業還沒有完結. 只能說他真的是鬼才, 很會說話, 很會騙, 大家很喜歡他.  台灣十大奇蹟, 他一定佔一位.      就算他是騙的,是演的 我也覺得也是以他才能得回來的.     知道他要坐牢了,來看一看. 居然發現神跡."
713,微笑,椅子加油
714,蒼穹之月,搶救椅子小老弟計劃XD
715,一隻檸檬,此時小劉正在一邊抽煙一邊上傳影片
716,J,椅子是因為篠崎泫不喜歡會抽菸的男生而戒菸嗎 哈哈哈哈
717,LC,希望椅子能持之以恆 就跟我一樣 持之以恆的不戒菸
718,姬級,"椅子戒煙為了健康（X
為了接下來四年比較好過（O"
719,Loki,"自從Toyz 戒菸後登了大號
工藤新椅"
720,Ho Cheung Lam,椅子在戒煙14天後，連衣服都洗白了！
721,Bin Wu,Toyz 好帥~~~Toyz 好帥~~~Toyz 好帥~~~Toyz 好帥~~~Toyz 好帥~~~Toyz 好帥~~~Toyz 好帥~~~
722,D77 L,小劉可以把煙給Gino啊他很需要
723,Sultan Lin,"Toyz  推薦你一個業配的機會
推薦你戒菸想喝咖啡的話買一台自動研磨咖啡機+咖啡豆  盆滿缽滿ㄚ"
724,⇘Sylphy的遊戲頻道⇙,還撐著嗎Toyz?
725,Eisner Yeh,"看了Toyz影片 果斷想戒菸
.
.
."
726,林禹丞,好帥椅子 男神
727,T.ø.p,"第一次看椅子哥拍這種深度影片好愛
在4:17的畫面真有像堯哥"
728,Xiaohong小宏,椅子加油!
729,南山哥,小劉加油
730,唯一出路,我不喜番聽別人的事 就Toyz介過煙什麼的 特別的有趣特別的香 btw我介煙2年了 加油 但我仲有keep 住木草
731,弇,"戒菸對小劉最大的幫助
就是進去可以賣菸"
732,許峴瑋,想問椅子刺青後恢復的時候都不會癢嗎
733,wesleyGG,"小劉要入獄搂~讓我們拭目""椅""待"
734,蔡大大,椅子哥瘦子討厭你了
735,周群,偷椅子長得越來越像鍾賠生了
736,LEO LEE,Respect toyz
737,小Q,太強辣 小劉
738,葉同學,小劉 你進去就會抽了
739,豪智,椅子哥阿你戒菸完進去關 還不是要吸二手菸 ？
740,小小工讀生,怎麼跟男生露營烤肉 這不是我認識的偷椅子
741,蕭舜,真的在騙人沒戒過菸 我抽3年 現在戒了 中間戒的時候也沒有戒斷症狀，嚴重懷疑椅子為了節目效果演的
742,Dylan Tu,"ㄜ..抽煙會影響味覺
toyz至少抽一年了
那之前的美食公道伯是在拍爽的？？？"
743,Kent H,椅子那件愛心短袖是什麼牌子啊
744,極速領域焦糖,Toyz哥  我也想要毛哥
745,Kelvin Chan,我看到小小劉站起來了
746,Hi Do,8:00看菸對小劉做了什麼
747,andy0125andy,"Toyz哥,下次挑戰戒色..."
748,Mu,很久沒看拖椅子了，影片裡面提到的博士指的是誰啊？
749,江紘名,那個毛哥是什麼東西？真的像toyz說的那樣酷的東西嗎
750,Meng,"不好意思 想問一下有人知道Toyz衣服是穿什麼牌子的嗎？
愛心 中間裂一半 有眼淚"
751,SH GME,謝toyz
752,張晉嘉,小劉 包完手要不要搞一集刺青相關的？
753,Lcharan,岔賭小劉甚麼時候復抽
754,Vivian T,13:15 Toyz算大嗎？
755,海姑阿,當被版權砲的小劉補血
756,Achiever,13:13 太大包了吧 小劉
757,林詡宸,我怎麼覺得椅子越來越像阿莫= =
758,mimi husky,小劉respect
759,齊爾專精厚里宋,Toyz敢不敢戒尻
760,Mark H,toyz也算少數會抽煙的聰明人，通常有抽菸的年輕人智商都偏低
761,Kei R6,Toyz 13:16 是晨勃嗎 腫脹欸
762,帥勾,小劉住南港？.？
763,,我的演算法裡面小劉從沒消失過...
764,jack wu Chu,"有人格魅力的YT創作者
不論多久沒有上片
依舊會留在觀眾心中不退去
期待Toyz未來的強檔大片~"
765,新,最近的直播有開的我幾乎都跟到，Toyz 真的是鬼才，直播互動比影片來說又更有生命力，Toyz請繼續帶給我們歡樂！
766,ⵉⵏⵖⵎⵉⵙⵏ,椅子哥 加油 開開心心才能拍出更好的內容 寧缺勿濫
767,仗助Josuke,精神小伙必須精神，看到椅子開心健康的直播看著看著就開心了起來
768,blockmo,"能從谷底爬起來，除了椅子也沒誰了
加油小劉！始終都很支持你"
769,20,最近Yt不知道看什麼 怎麼滑都沒想看的 幸好有小劉的直播跟直播精華 太好看了一定要繼續下去
770,單眼怪,看你拍片 直播 講話都很趣味 別消失阿 小劉~繼續堅持下去 祝團隊強大
771,Lisa Chang 珊珊,加油小劉！常看你的美食公道柏相關影片，感受到非常用心的去開箱好多的犧牲，非常謝謝你公義的發聲，有幫到了我認識很多美食，也對於我所需要實際看到的CP值有所幫助，接下來會持續在直播中支持你的，繼續加油喔！
772,He He,很喜歡toyz的lol精華，不用太多後製就很好笑，希望toyz爽的時候能在回歸一下，打開心也好就想看你打
773,張小咪,Toyz讚啦，掌握流量標題，美食慢慢來沒關係，太多街弄小巷的可以拍了。也恭喜精華頻道20萬了，衝超快的17萬到20萬美食公道伯
774,jay lawson,小劉厲害在自省速度快，懂見好就收，祝成為更成功的youtuber
775,陳柏帆,不管是影片還是直播 都是支持你的!小劉就是有梗
776,蘇靖,"感謝小劉的影片陪我吃飯
每次吃飯的時候邊看美食公道伯都會覺得自己的飯變得比較好吃"
777,8lok,一開始真的以為要退出youtuber直接嚇死。加油吧toyz，雖然不常看你片，但youtube要是沒了你感覺會很可惜
778,小紅,實況鬼才，椅子哥的精華或直播都很經典
779,YHL,Toyz真的是鬼才，經歷過那樣的風浪，能回到主流市場已經不容易，更別談能創作流量高峰，只能說屌…
780,HsuanHsuan,完全支持! 創作者也需要休息 小劉加油!
781,喵咪,"發現椅子美食公道伯都拍比較昂貴的料理
感覺可以CP值下去拍

或是最近的時事公道伯開個直播"
782,陳瓜,我好喜歡看椅子哥直播椅子哥加油
783,KARAM（馬馬）,個性作祟啊小劉，控制住自己的那個隨時出現的不滿足，拍出的都是好片，你看你根本就是深度省思但終究無法克服自己的本性，我是美食公道伯的忠實觀眾，期待你能拍出更多你認為平庸但我們也很喜愛的影片，你賣的商品常常是你這個人，而不是影片本身的內容，這也是ytb能成為大家生活一部分的原因
784,555 LEE,"直播鬼才,祝福案子順利,痛改前非阿 椅子"
785,J S⛈️,我幾乎都把多數娛樂性質的YouTuber 都給退訂了 通常就只留知識性的 只留極少數拍娛樂性的人 Toyz還是留著我 不知道為何從以前就很愛聽你的這張嘴講出所有實話幹話 ~️
786,懶蜻蜓,溫和小劉道歉的時候總是那麼的誠懇
787,Dean Hsia,"不管你片拍得多屌一定都會有酸民的，那怕砸個百來萬一年拍一隻也是一樣。
好好休息沉澱一下吧！還是很期待每周能看到椅子介紹美食的~~~"
788,Johnson Chan,不一定一定非要什麼強檔才能拍啦，toyz做toyz就好，多出片
789,Chiii,永遠支持toyz講洨話精華頻道
790,犬犬,椅子其實可以從拍高檔餐廳改成小街店家的訪吃 也是一種新系列
791,hsun,上次直播才在討論走鐘獎的事情，真的覺得椅子也不太需要那種東西，靠自己最實在了
792,agnes,愛死椅子了！！每天晚上都會坐等直播
793,Iiya A,只要監獄公道伯公審還在的一天 椅子是不會消失的
794,【宇智波比】LOnely_Ash,你的每一步影片每一次直播從來不會錯過 管他什麼演算法 上線先搜尋toyz就是了
795,Tonkey Ho,真正做人的Toyz特別好看
796,CX只會作夢,toyz的魅力讓人無法討厭他
797,Hitoshi,"椅子嘴果然厲害
美食公道伯都拍這麼久了才在反省"
798,Niunny Liu,"我竟然開頭差點崩潰
還好沒有不見
椅子+u啦~~~~~~~~
忠實麻粉 不是啦 忠實觀眾"
799,楊昌彬-聖光,"覺得Toyz會想這些很好
慢慢摸索，加油！"
800,林柏杰,加油Toyz 支持你
801,阿彌陀佛佛友頻道,我第一次看toyz的影片就上癮了，美食公道伯給我的感覺非常好
802,彥川流,有去吃椅子介紹的一些美食和餐廳，是真的不錯(有去吃信義區餐酒館，真心覺得滿好吃的，氣氛也好)，就算沒有美食公道伯好了，還是希望有介紹一些好吃的美食或其他餐廳。
803,小白,"覺得可以拍度假系列欸 去一些民宿或台灣的一些點玩 內容有一整套行程包含花費（也可以有奢華行程或平價行程）可以讓大家去旅遊的時候拿來參考 主要是我想看啦別人我不知道
但我覺得Toyz如果可以拍 也可以趁這個機會多看看台灣的風景跟妹子 放鬆一下度個假 讓自己心情輕鬆一點"
804,WX L,小劉 我們不能沒有你
805,火爆鳥,Ok遊戲公道伯，每晚九點直播去尋找單機遊戲或跟觀眾互動的遊戲來看這遊戲是否好玩。如果各位覺得這企劃不錯，幫我頂上去。椅子哥看到可以參考。
806,LSS,椅子的影片每次一出我都會配飯看 期待之後的影片
807,李恩綺的二叔公,椅子哥加油 希望衣服量出更多一些些🫡
808,老遠,看椅子直播還滿有趣的！
809,lin solomon,可以看見椅子，因為公道伯，發福了 哈哈
810,顏仕傑,吃太多美食了 Toyz都發福了 拜託大家讓他去減減肥吧
811,人生百態,永遠支持 小劉
812,YuY Heero,小劉越來越福相了
813,momo,"椅子哥我的超人
加油你的影片都超讚的"
814,陳宇軒,小劉真的是無所不在
815,宸銘,椅子哥絕對不會讓我失望的~
816,Ace card,何時把美食公道伯拍成美食粉絲公道伯一邊帶粉絲去吃一邊增加粉絲的好感度。然後椅子就會花更多錢，尤其是妹子，然後就被奈奈殺了。
817,Way's wish music 唯心音樂,"有觀眾就會問了，那什麼是非拍不可的餐廳呢？

小劉：我帳戶多了五十萬那種餐廳肯定是非常有靈魂的！"
818,克米亞,加油Toyz
819,Mark85,小劉只要搞耍，評論別人就很精彩了
820,S,我永遠記得Toyz 揭發 蕭x騰賣廉價食品的偉大事蹟，美食公道伯讚!
821,帥哥,希望能玩點遊戲，或許不是英雄聯盟也好，很喜歡看toyz玩遊戲，當然還是最喜歡看lol的
822,圍兜兜,小劉主播加油
823,ぼっちちゃん,越來越愛椅子了
824,Sheep_Lin,"我覺得公道伯系列
小劉跟Toyz評論還是有差啦
比較愛Toyz的"
825,Ronnie W,"現在副頻道的實況精華的娛樂效果已經超過主頻道了

那個在實況精華的小劉真的只有靠北而已"
826,小豪,拖椅子可以轉型成老高找故事講給觀眾聽
827,猊硯,演算法眷顧椅子哥
828,蓁,小劉又在開玩笑
829,妄想症,椅子有特別去學抑揚頓挫? 變好順
830,冬眠の蛙,"真的要退出YT了
TOYZ哥 4年2個月後見

-2022/11/24"
831,小包包,加油呀椅子
832,小柴,"蛤講真的啦 
有一說一
不管主題有沒有吸引我
只要椅子有影片"
833,審查長企業,椅子一定會爬起來的
834,E比鴨鴨,椅子轉型成為低卡公道伯 
835,Hungry Hungry,支持Toyz<3
836,Ren Tsai,就愛你直播 小劉
837,T.ø.p,"直播後的椅子真的太鬼 
天生直播的料"
838,阿豹,每天都在等椅子直播欸
839,yomin chang,"椅子圖奇沒有被永BAN阿,頻道還在,只是只剩一次機會再被BAN就真掰掰"
840,阿帆,椅子哥加油
841,最愛阿能的星雨,當時的椅子應該還沒想到現在會跟館長打的水深火熱XD
842,Ga vin,椅子的強檔非屬小孩與77不可了
843,Mark,椅子口條真的很好
844,陳東旭,拜託幾個勒 為什麼椅子說我們下個月見這句話 露出了燦爛笑容啊
845,可憐之人必有可恨支畜,永遠支持椅子的公審低能卡直播
846,小啾吉,果然是我親民的椅子哥
847,邯謝,我以為椅子要被遣送回香港了說。  然後直接送中（終）呢@_@
848,KELONG CHEN,坐等椅子哥強檔輸出
849,wu tiffany,toyz加油
850,R Jing,愛小劉，加油~~~
851,陳楨皓,唯一支持小劉
852,明示無,可以請小劉的剪輯師剪一集 狗也不吃的精華嘛
853,想不到要取啥,我還以為 Toyz變 阿堯了
854,喵肉球攻擊,小劉加油
855,清信掌,笑死 發了才發現小劉有停更 哭啊
856,parker,好了啦特哥椅子哥
857,Ian Chung,好了啦特哥椅子哥
858,凱爾,椅子可以拍拍旅遊景點 好像也不錯
859,KaiMi,還是超愛椅子啦讚
860,徐小發,"看到標題害我臉色特變
差點摔椅子XDDDDD"
861,小郭,椅子你嚇死我了 你知道嗎QAQ
862,Lil Bryant,一點進去就被椅子騙
863,玉米,我感覺到 小劉的靈魂了
864,無畏_塵,還是賣毒品比較有成就感比較開心對吧椅子
865,ckxxwei,椅子真的好有料……..
866,狐狸先生,"林老師咧～嚇得我屁滾尿流失了魂

YouTube 沒有Toyz的頻道,沒有開啟的必要！"
867,張西西Channel ◔.̮◔,toyz有在直播說做實境節目XD  敲碗敲碗
868,靓多,小劉~加油~~
869,CM PUNK,台灣美食指南我只信toyz
870,魯夫船長,笑果達人   椅子哥   !
871,Han,是我的錯覺還是我感覺小劉好像胖了⋯⋯
872,Randy chen,小劉，以前真討厭你，現在我改觀了，加油啦！
873,林彥廷,小劉最近越來越調皮了
874,呂小豪,各位大大 想請問 椅子這衣服有什麼故事跟背景 想了解 感謝各位
875,陳衍豪,椅子可以拍拍美食吃到飽系列  & 旅遊系列
876,野兔,小劉加油
877,鄭旻侖,椅子哥我的神
878,esn_1108,椅子我愛你
879,wei wei,有料欸小劉   又被你騙進來了
880,jung jung,"有人有椅子哥近期的歌單嗎?
或是他直播上放的歌
突然好想聽那幾首"
881,哲旭 林,你嚇到我了椅子
882,cenlo5,挺椅子！
883,Yichen Lin,小劉真有料
884,Godyr,圖奇只有第三個頻道ToyzTTV被永ban吧？Toyz和Toyzlolz頻道都還在啊。而且toyzttv不是被ban，頻道移除消息是“此頻道的內容已依照著作權所有人的要求移除 Content from this channel has been removed at the request of the copyright holder.” 如果是中培根要求移除的話，那之前兩個應該都沒事啊。
885,陳奕宇,會不會TOYZ覺得強檔，但觀眾覺得還好，沒有靈魂的反而一堆人要看
886,林俊宇,小劉是我留意y2影片的動力
887,西西,"可以拍佬港冰室茶餐廳吃到飽系列嗎？
在淡水 椅子哥我是你的10年粉絲"
888,Dude,請問小劉都是幾點直播
889,Christopher Cheng,Toyz真的好帥喔，我腿開開了
890,極櫺爺爺,可以拍類似信義趙又廷 風流港仔 北椅子 的企劃嗎
891,五円,小劉 我是你的新粉絲
892,RIM C,圖奇TOYZ頻道還在阿 是你永BAN圖奇吧
893,林伯諭,Toyz可以公道一下劉媽媽水餃嗎？一顆30多塊欸
894,傑斯特,只看誠實美食介紹椅子 ！！  其他都不看
895,Cheng,小劉在哪我就在哪 你拍什麼我就看什麼
896,Zhj,Toyz我能找人把你直播视频转到大陆B站么 大家都想看狱一中的直播视频 太他妈有节目效果了卧槽哈哈哈哈哈哈哈哈哈啊哈哈
897,ルミア,標題詐欺，不過加油
898,進藤光,“我就爛精華”那個頻道是不是已經變成“TOYZ實況精華”？
899,Ting-Lun Tsai,小劉 請你道歉
900,岳倫,電競不死鳥的死對頭小劉，居然也是不會死的嗎
901,張禎祥,小劉讚讚
902,輪輪,請問toyz現在在台灣還是香港?
903,閎翔,椅子不打英雄聯盟嗎
904,Walker Lin,小劉 從零開始還要拍嗎
905,花尚,"我吃過小劉介紹的每間
好吃的真的不一定好吃
但難吃的還真的沒有好吃的幹"
906,Jo Big,圖奇帳號還在阿  哪裡永BAN?   https://www.twitch.tv/toyz
907,Arvin Lin,請問為什麼Toyz圖奇被ban？
908,邵偉心,Toyz偉健你對近期台灣中壢淡水詐騙集團綁人殺人有什麼看法
909,& Y,椅子胖了？有點像杜汶澤了...？
910,wong Mr,那個toyz又要出黎搞事嗎
911,龍名,"■□●#@#$%＆%$#@¥₩■□●○□♤，被標題給騙了！
不知道Toyz有沒有新的，實話一開始美食確實介紹不少，但還是會膩的，不知道未來有沒有新的東西。"
912,林木木,這個不會哦哦叫的不是Toyz 應該是小劉
913,fai Wong,Toyz
914,QUQ T,小劉人咧
915,Steven Yang,Toyz88
916,Lu Terry,賀!! 看到Toyz 從深淵爬上來 到現在有業配 太感動了
917,arthur king,看到toyz又有業配了好開心
918,許智堯,我記得椅子你說過，港式三寶中你不是很愛吃燒肉，但是這家唯獨燒肉是你讚不絕口的一道
919,Shyrara蝦啦啦,就是喜歡你的直言不諱，論美食評比影片我只服Toyz
920,wei wei,椅子哥有沒有機會開一家港式餐廳，我一定吃爆
921,Shuai Lai,在台灣  有圓桌 價格翻倍   去看那些一般買晚餐的店  都是方形、長方形桌  甚至沒有內用  就算有桌子 椅子一定難坐 講求速度   價格才能壓下來
922,Edson Chen,想看TOYZ 吃吃看桃園的港式飲茶吃到飽 村民食堂 這間！
923,Panda Liu,TOYZ好像很多粵菜餐廳都噴   有推薦哪家好吃嗎
924,Arthur Wang,那Toyz有沒有想要在台投資平價實惠又美味的粵菜餐廳?
925,大可寶,Toyz 加油  很喜歡看你的影片
926,w rr,椅子雖然你不想拍片 但真的好好看拜託你你多拍點
927,Q.W.E.L,"椅子說到心坎裡在 港點跟法餐 台灣價錢都翻倍
份量也少的可憐"
928,Frank Yang,還是TOYZ來開飲茶餐廳XD~
929,Christian K,想看小劉吃RAW的評比.....
930,UoloU WvivW,身為香港人，我覺得很便宜。為什麼你會覺得貴？Toyz你被台灣化啦
931,kk nose Tang,小劉～牛肉不是沾醋 是喼汁好嗎～不過國語好似沒這個字
932,orochi,Toyz可以去品嚐看看-京州游嚴行嗎   好奇多美味
933,阿布丁,椅子要不要也評一下頂粵極品
934,Cyrus,Toyz 香港物價都升咗啦 站在香港人嘅角度睇 你喺香港去呢啲咁嘅酒店飲茶 價錢差唔多或者仲貴 除非你真係去嗰啲好集團式嘅酒樓先至會有你所講嘅價錢 如果唔係香港好多價錢都變咗㗎啦
935,Z LIN,台中的話應該是去金悅軒敲碗 椅子大大去拍一集
936,HSIANG,椅子是忘了香港的消費嗎~香港消費驚人阿~
937,A name,toyz評說叉燒跟燒肉的感覺就知道他來台灣前很窮，沒有在香港吃過好吃的。
938,Quan,起死回生Toyz
939,凱文,椅子這和香港的麗苑還是麗小館比呢？
940,YN,椅子的右手無名指戴著戒指欸
941,Ernie Lai,Toyz 真的很討厭蛋塔
942,阿雞蝨,"真的很謝謝toyz
你的影片總是能帶給我歡笑
陪我撐過人生中最困難的一段時期
我本來覺得自己快要撐不下去了"
943,陳祐,看了小劉吃雞排，我已經飽了，自從漲破80我永遠都只買杏鮑菇
944,云馨 李,很久沒聽Toyz講粵語了，不知道能不能做一集粵語版的美食公道伯
945,YiChung Huang,toyz在評價真的有比較收斂用詞了 好讚
946,Liu.Y.C,景美 張媽媽雞排  雖然80元 但大小不輸 百元雞排 還更好吃 推薦給 Toyz哥
947,吳承駿,其實椅子也可以出來賣雞排  店名就叫要邏輯有雞肉
948,Hon chung Wong,"Toyz
有沒有考慮跟千千
合作一起拍吃類型的影片？"
949,Thena Chen,看影片以後去吃小熊 味道很普 還有那個薄度 120真的是太雷了 我老公還問我椅子舌頭是不是壞了
950,brian chan,toyz 要是回香港會不會完全適應不來 這個物價真的差超級多
951,Ein,那個雞排那麼難吃，椅子是不是開始想念吃會客菜的雞排了
952,Rookie Roy,椅子可以開箱杰倫的滷味嗎
953,sam sam,"toyz直接在騎士碁門口旁邊,老闆可以聽得很清楚的距離,講一大串打槍的話然後給3分,這真的很白目吧"
954,leeremix4,"TOYZ 最近很缺錢,HAHA,更新那麼密"
955,yizhao lin,Toyz 勾惡說你以前幫過蛋塔 結果還被蛋塔背刺喔 真的嘛
956,童元,椅子哥哪去了？
957,FIZZ,只有我發現片尾小劉搭瑪莎他弟拍片嗎??????????????????????????
958,KT2design,不得不說這集的Toyz「終於」懂吃，美村路魚市米糕就是好吃！忠孝路的味泉米糕、民生嘉義米糕、狀元米糕、彩鳳米糕、芳台南米糕。都是不同類型的米糕
959,Serene,toyz的影片真的有一种魔力，我不喜欢吃米糕也会想看。反正toyz有关食物的影片我都不会错过
960,洪兆甫,米糕要吃大甲的阿松米糕真的配上辣椒一絕而且隔壁高中的體育班都是常客 已經是心中的第一名!!! @toyz 趕快去吃看看真比清水的還好吃
961,張景堯,台中宵夜美食！簡簡單單的小菜居然讓人出乎意料？讓人按奈不住瘋狂加點的居酒屋！【TOYZ】 魚市米糕 以前Toyz已經吃過了XD
962,justin chi,第一間王塔很好吃 Toyz 好像沒加到醬 加醬更提升
963,Potato,"看到toyz把吸管的包装 放进自己口袋
没乱丢垃圾 给个赞"
964,程子欣,有發現椅子反而吃小吃比較會有好話
965,b b,toyz可以做香港人日常飲食的單元嗎？之前的美食介紹都是粵菜館子 好奇一般香港人日常飲食是什麼？跟台灣的差別？謝謝
966,Nick Tsai,"椅子應該是比較喜歡吃偏軟口感的米糕, 這個看個人, 我喜歡偏Q的, 有口感的, 清水正統的米糕都是偏Q的, 個人偏好正牌米糕莊

清水人"
967,咻蹦閃,"椅子味覺真的可以
之前排隊去阿財想說這到底是啥小
不如吃家門口的再興米糕  還不用等
王塔有好吃一點點但是也沒必要特地去吃"
968,she2003,魚市米糕Toyz以前就去過啦～已經第二次被你評為好吃的店家了第一次去的連結https://youtu.be/y-F7cYAU2pA
969,吳昱鋒,toyz你一定要去吃大甲阿松米糕 真的爆幹好吃 拜託你去吃
970,楊叡顓,想不到TOYZ給大甲的米糕 評價這麼高....改天一定來去朝聖看看
971,Jheng Joe,"椅子你吃的都是3D油飯,南部米糕才是真的爽"
972,arthur king,原來toyz跟我一樣喜歡吃軟飯
973,洪琮閔,什麼時候要來高雄~~？？許願高雄椅子美食
974,CK FU,笑死toyz居然不懂阿財就是在吃那種硬米粒與醬的口感，阿財與王塔兩間口味不同，本來就不能拿來一起比較，只能說toyz不懂就別評測不然笑掉別人大牙
975,王曉鬼,想看椅子拍廖老大飲料店
976,羋麒麟餐飲,椅子這個眼鏡...食神？？？
977,阿羽,"1:40 這Toyz居然不知道 太驚訝了
米糕加棕葉就是 南部粽
油飯加棕葉就是 北部粽
不同的形態 不同的替身使者"
978,洪翎傑,"@Toyz 
假如你真的很想吃非常非常非常好吃的米糕
拜託你一定一定一定要去吃（台中忠孝路味泉米糕店）
保證不會失望"
979,Kyle Lin,這標題和封面 梯歐歪力真的走了 變成小劉
980,展,Toyz 你適合做吃的生意
981,狐狸先輩,TOYZ搬到台中了喔0.0  來過大甲 清水 @@~
982,陳柏勳,椅子來清水應該來找我 我可以帶妳吃還不錯吃的....
983,鄭貴峰,椅子是一定能信 人帥 刀猛 又帶種 砍的爺爺不要不要的
984,Lim Eunicee,第二家雞肉飯必須推！！而且椅子超懂吃，他們家就是要多加一分肉才過癮
985,王小猴,椅子真的懂吃 三家吃過兩家 東引花干真的優
986,shin shin Low,椅子怕牽連胖胖的朋友所以檯面上保持距離，但私底下還是可以約來吃個飯嘛 
987,mark holai,東引牛腱有酒香 非常好吃 椅子說花干很中肯 說是讚 強烈推薦
988,許哲瑋,椅子可以去試試東引快刀手，這是東引小吃的二代店，環境較明亮且有冷氣，口味有和東引小吃店稍微不同，不會那麼重口味，東引快刀手的豆皮可以試試！
989,吳旭智,跟椅子在東引常點的差不多，但他們的缺點就是某幾樣在某時會失水準，整體來說優質機率大概在八成。
990,arthur king,第一家光用看的應該就不錯吃 也難怪toyz很有把握
991,c0ssy c0ssy,想看椅子吃杰倫的滷味
992,專注於遊戲廢片的通哥,可以叫店家把一個桌子的桌號改成小劉了
993,煙小兒,看了TOYZ的知高飯之後 今天9/29 跑去三重嘗鮮...吃了非常的失望 不知道 是剛好運氣太好今天煮得太難吃還是怎樣~先說 知高飯 豬皮 完全沒有膠質感 瘦肉的部分 硬到一個爆炸 然後 滷汁味道超級淡 飯太偏軟爛  再來 筍絲的部分 更慘~完全沒味道 甚至 還有生水味 再來 菜頭湯 菜頭有 8 9塊 至少一半以上 菜頭吃起來 都會有苦味 唯一能說的就 他的湯頭 還能喝
994,顏冠,"平民小吃來我家吃!!!推薦牛雜、牛肉麵、麻醬麵、古早味拌麵,小菜苦瓜鹹蛋、蘭花乾，而且我爸(老闆)很會擺臭臉，開店得很隨意，要碰到有時候需要點小運氣，但也在地二十年了，有抖m屬性的都推薦來試試，強力推薦椅子來吃吃ＸＤ"
995,asd asd,想看椅子拍民生社區的nuts烤肉飯
996,宋竣閎,椅子哥推薦一家四川菜。便宜的川風椒麻店。可以吃吃看
997,JH HSIAO,N年前椅子有拍隔壁的司機俱樂部，那時就想怎不直接吃東引就好 !
998,棒動你心,我想知道椅子吃杰倫的滷味評價
999,Emerald Houng,"以前覺得椅子介紹看起來都很好吃
現在感覺攝影師畫面跟穿著 都差了那麼一些"
1000,SC Lin,我不愛吃 純粹喜歡toyz來看 哈哈
1001,阿酸教練跑跳蹦,"Toyz拍天津雞肉飯的時候我剛好也去買！
但不好意思合照"
1002,羋麒麟餐飲,椅子有沒有去吃最近一直在吵的魚肚粥？
1003,逐洋,"9:33
感覺剪輯在臭椅子沒朋友"
1004,五個O,椅子可以去吃吃看西門町的福建好吃雞肉嗎
1005,Ben Chui,椅子能不能做一集飲料的啊  廖老大
1006,Asd0910,"6:01 真的感慨
但說白了 大部分可能都是椅子的問題"
1007,jim chen,"椅子溫情喊話
統神不知道願不願意接受"
1008,Alan,"三重我推薦附近的71腿庫飯
我覺得比33年好吃
椅子可以去吃看看"
1009,A name,"toyz真的不是香港人了，雞怎樣做的嫩都不知道。
粵菜做雞有一個方法叫做浸雞，做出來就可以很嫩，基本是個香港人應該都知道"
1010,陳榤宏,第一家不好吃鴨toyz哥哥
1011,阿慶 Chill Ching,"之前推今大就知道 Toyz根本不懂吃了
從彰化上來 吃完差點氣死= ="
1012,皮克超,居然沒有椅子最愛的今大 =.=
1013,沁沁,都是些不健康，椅子身體要顧啊
1014,粥咻咻,椅子的口味很重吼。
1015,趙君君,終於等到酸菜魚了，當天還跟Toyz拍照，超親切️追蹤這麼久，總於見到本人了，開心
1016,JCL,這間我也有推過給TOYZ，可惜沒吃到小黃瓜，必點，這間個人覺得湯不是拿來喝的，有點是調味裡面的寬粉和魚肉的醬料，有一個很大的重點是魚肉都沒有刺!適合懶人
1017,李祖蔭,建議Toyz可以將影片的系列整合一下，做成「開箱」系列（包含網紅推薦與網友推薦），而四處扒趴走就歸類成「探店」系列（專門探訪網路評價高或低的店）
1018,林梓齊,椅子可惜小菜沒加點炸魚皮 真的超爽
1019,jack101282,"＠Toyz 台中沒有去喝審計新村的""芸蒔刻水果茶""太可惜了 
他們家水果茶真的是目前全台灣喝過最好喝的
水果味有茶味也有而且喝起來還很清爽
真的推薦椅子去喝看看"
1020,你家火燒,看完公道伯 都會覺得 椅子不是很懂吃什麼 亂吃一通 很可愛
1021,Gordon,Toyz推薦你一個真的很好吃的小吃就是樂成宮附近的豬雜湯，之前詹姆士也有採訪過說是會值得從台北下來吃的美食，真的很讚下次可以試試看！
1022,Stephen Fang,就知道椅子每次介紹飲料店老蕭都會中槍，現在又多了“料”老大作伴XD
1023,she2003,吳記十年前吃的時候就覺得還好，看到椅子的表情我就放心了
1024,Han Hsin Hsu,今天去了逢甲一家，台中最貴的飲料店n25，有一款$125的葡萄柚果咖，驚為天人！希望Toyz可以去開箱看看
1025,Chun Leong Sam,好想椅子来马来西亚 拍个马来西亚美食公道伯 
1026,劉文傑,希望小劉有機會來高雄拍！
1027,Brian Huang,推一下Toyz拍高雄南豐滷肉飯還有劉江便當，好幾年前的平價美味，好久沒吃了不知道現在怎樣
1028,J K,"好奇一問 台灣物價現在有這麼貴嗎  人均收入是多少？ 
常看椅子的影片 發現有很多餐廳價錢已經跟香港水平差不多"
1029,耕維 張,有一說一 椅子講評還是蠻中肯的
1030,大砲約跑換總仔,椅子的食記看起來就是很舒服
1031,Xi Zhang,推椅子去吃彰化的阿三肉圓 真的脆到爆炸  肉圓頂裂
1032,糸乃,推個蔡家豆花，椅子下次經過可以去吃吃看
1033,許許許,台中漢堡怎麼能不吃雙城 太菜啦小劉
1034,吳昱鋒,台中大甲阿松米糕 椅子一定要去吃
1035,Lonely涵光,"1:40 椅子英文
Burger 寫作 Burger
             讀作 Bager."
1036,哎唷不錯喔,椅子眼鏡影射的畫面太搶鏡了 很難專心聽椅子說啥……
1037,Sir,"漢堡有連歉意牌的好吃嗎
拖椅子喊在，拖椅子喊在"
1038,五股郎Neil,求小劉來五股吃美食
1039,林蜜蜂,李宗則不要再看椅子不回訊息了
1040,arthur king,"上次講和牛便當騙錢被告，這次還是要講, toyz果然有個性"
1041,C,椅子可以多拍一集金針菇烤肉組嗎？我想看到血流成河
1042,新寶,可惜沒有評論到金家ㄟ韓式烤肉組～好想看toyz評論這組產品。
1043,zzQ Z,"突然發現小劉評價的普通、還行對大部分的一般人來說可能會變成好吃
畢竟小劉算吃滿多高檔的食物ㄉ"
1044,哈老師,以後只想看到滿滿的剪輯   小劉在幕後配音好了QQ
1045,yizhao lin,toyz要養這麼多人喔 天啊
1046,Youkabu jYou,椅子表示 我愛上法院的感覺了 雖然之前笨過 但是講真話就是讚
1047,新月,謝謝小劉，這個正讚給會計師。
1048,龍鳳鯨,椅子哥是在為了跟阿航啾啾LOVELOVE的關係而做練習嗎?
1049,彥彥,想看toyz開箱金家ㄟ系列的～敲碗
1050,老蕭,中秋節快樂 椅子
1051,伊莉雅,果然還是toyz最挑，看來監獄裡的訓練還不夠
1052,Tommy,一個女友多種使用方式，行啊你小劉！
1053,UA L,看來椅子吸了不少 high爆啦
1054,Murasaki,Toyz 划不划算自己評論，還是Toyz：騙錢
1055,Cross Xiao,2:23其實小劉念的是二聲XDD
1056,吳克桁,能讓椅子業配以及找椅子業配的肯定是個狠角色
1057,yomin chang,"竟然還接的到飲料類葉配(非遊戲)!!! 真的覺得椅子要好好珍惜大家再次給你的機會,加油!"
1058,Cross Xiao,"如果小劉能這樣一直從善如流，甚至做公益，幫助人
我想這就是一個最好的改邪歸正的教材吧
加油小劉，不要再讓愛你的人難過了~"
1059,Taylor Lu,"Toyz的酒量是真的不行XDDD
但這家店感覺很不錯!
我下次也去試試!"
1060,張庭瑋,toyz喝醉的樣子好可愛( ･᷄ὢ･᷅ )
1061,歐宏偉,醉了醉了，這CP值真的醉了，連椅子都醉倒了
1062,簡小姐,顆顆還說放倒妹子呢，結果椅子哥自己醉啦！哈哈
1063,arthur king,想看椅子認真評價 反骨開的餐酒館
1064,Emilia C,醉到眼睛張不開，最後倒在椅子上做結尾，廠商這樣給過嗎？
1065,Kay Huang,椅子五杯調酒乾完茫了啦
1066,QQQ hinata,椅子加油
1067,Jerico Wu,看到小s直接倒讚，抱歉了椅子哥
1068,弇,"個人覺得，為商品業配沒問題
但是為餐廳業配就有失公道伯的本意了
就好比小劉常批評的，很多餐盤都是用買的一樣
這樣真的有公道嗎？"
1069,柏亨 江,椅子工商後自帶yt廣告...
1070,晞翼シーイ,"雖然椅子覺得旋轉電視牆不實用
但我搬家的時候有拿來借鏡
土炮做了一個旋轉電視櫃
中空的成本才兩千"
1071,J. N,"應該說設計師遇到一個非常有想法跟主導的人!!!所以設計師會依Toyz的想法需求下去特地改造.....
要不然一般來說設計師該想到的點跟建議都會給Toyz....但聽到Toyz都推掉了!!!...當然真正住進使用過後的問題也會接踵而來!!!"
1072,弇,小劉完美展示了什麼叫科技來自於惰性
1073,Wade Wilson,洗手台的高度讓小劉看起來更像小精靈
1074,KimiCh43,toyz家室內裝潢真的不錯，我是前段時間銀行委託去估價的估價師，門打開我想說這不就toyz嗎，然後他穿了一條短到我以為只有穿內褲的短褲，哈哈哈！恭喜賣屋
1075,AI Erinque,椅子哥 推薦你看越獄風雲 好看又貼近生活
1076,ㄟ魔呱湯,椅子你都花錢買了洗臉神器還不知道怎麼正確使用
1077,人生百態,期待椅子再買房
1078,chen peterson,求椅子講解LCK比賽直播檔
1079,別這麼可憐,請問小劉要搬到哪裡呢
1080,PUSSY HUANG,椅子哥你說過那個之前工商的電競椅你要就給你不用錢現在還算數嗎
1081,厭世小樂趣,小劉 那台Marshall還有要留嗎？不留的話我想收
1082,Y Y,其實不是洗手台太高 而是toyz太...
1083,劉傑,椅子要搬到哪裡啊
1084,奔雷手,椅子要搬到那邊住啊
1085,惟惟,椅子心酸画面流出
1086,薰衣草香,來報到了，TOYZ！
1087,Y Eric,"椅子您好 我是台北智能家庭廠商 
hey Siri 可以幫您處理"
1088,老蕭,認真說Toyz還是短髮比較好看比較討喜
1089,高雄買屋賣屋-炫屋網,椅子 想賣房子可以跟我說~
1090,J,椅子你的椅子要賣嗎 可以跟你買嗎 椅子坐過的椅子
1091,程程,7:44穿那個鞋子還跟我說沒錢啊 真的詐欺師
1092,時間顏料,小劉不用回香港了嗎
1093,紀路人甲,"看完這集我就知道 一定不錯吃
因為沒有出現難吃 或者難吃的表情 就表示真的讚 
光是看椅子之前烤鴨的那部影片 然後帶同事們去吃  還有慶祝母親節請家人去吃的九華樓 整個備受稱讚"
1094,so ap,"這麼麻 難怪椅子那麼喜歡
下次一定去吃看看"
1095,CCWXAGA,"看到辣的就想到
椅子再挑戰一次大王麻辣乾麵啦!!!!!!(敲碗)"
1096,maximuschen,依照小劉過往吃東西的評價，加上這價位，我懷疑其實是小劉喜歡老闆娘!
1097,祐屌,想看Toyz 拍各大廠牌 無線電競耳機 的功能介紹 音質 麥克風聲音 頭戴的舒適度腳步聲阿 等等
1098,arthur king,toyz影片標題真的越來越吸引人了
1099,阿助,"筷子很難用  椅子坐的那桌門開開關關的超熱,但是很好吃說真的 哈哈"
1100,浴缸,有看過恩熙俊 吃過一間叫弎樓 那個炸控肉看起來很猛 不知toyz想不想試 一下
1101,張嘉航,越麻椅子越愛
1102,Sheon M.,Toyz 你拍那麼多美食真的有回頭吃的有哪幾家啊？
1103,Liu tc,Toyz這部片一直提到麻，搞得我看這部片想到的不是辣味是草味...
1104,meewpw,想不到toyz也有受不了麻的時候xd
1105,Chia Wei,小劉其實是四川人吧 特別愛吃麻
1106,Oo Iii,"這感覺都很好吃餒
因為toyz的臉色沒有大便"
1107,Lin Chihuei,那個男生小劉之椅定很好吃
1108,Kevin Kuo,椅子很缺錢厚 更新的也太快了 逼近想更呢
1109,咖啡豆豆,小劉什麼時後來高雄，高雄也很多美食你沒嘗到喔喔喔
1110,龍鳳鯨,"椅子哥可以多開點直播嗎 統神上次說只要他一生唯一的小情人TOYZ不開台他也不開 因為你一直沒開台統神已經一個禮拜沒開了 
你倆互相高來高去的可以開個台金牌聯動幫一下你的超級好麻吉讓他開台嗎"
1111,Kevin Pien,Toyz要去吃台北市的邊田庄嗎？
1112,廖小延,椅子推薦都好
1113,張伯倫,2022米其林出爐了，椅子要挑戰新上榜的嗎？
1114,midday,謝謝椅子介紹，那我(應該)不會去
1115,BENZ,聽TOYZ的點了金沙杏鮑菇 結果吃了有夠膩 吃到後面有點反胃想吐
1116,Cheng,有把訪問在地人的過程拍進去太神啦，這樣就沒人靠邀toyz亂選店，直接轉移砲火
1117,沐秋,我是土生土長的中壢人，看到這集才知道toyz對食物的味道口感描述相當好，順帶一提雙營涼麵後面7-11會排隊是因爲那邊是長庚醫院接駁車的停靠站，不是要排7-11
1118,烘焙阿量,感覺小劉在吃在地美食的表情，很少在米其林餐廳出現，果然，最棒的美味，多半都在民間
1119,Sky,椅子真的很會介紹美食，第一家剛看就忍不住今天要找時間過去買
1120,瓦斯ワイス,中壢人簽到，椅子大大描述的真的到位，以前雙營的蒜味比較香，現在的味道跟麵的Q度真的還比不上超商，然後米干我也是從小吃到大，在中壢時想不到要吃什麼，就是衝去龍岡吃米干，隨便走進一家都好吃，而且修溝大碗
1121,抹茶控小白,好可惜都沒有吃到真正在地人會吃到好料，留言說的店家都很不錯，雖然應該不會再拍一集，但還是希望TOYZ能看看其實中壢有蠻多好吃的，不太像個美食沙漠
1122,Lin Chihuei,Toyz哥很多隱藏美食都只賣早上，賣完就沒了⋯⋯為了吃美食真的要早起
1123,Wade Wilson,小劉現在都連發爆擊耶，跟帶狀節目一樣
1124,orochi,想看toyz去吃「唯典客」  想看真實反應~
1125,Chi King,"3:16 因為雲南部隊的眷村在這
另外椅子覺得國旗屋的肉太柴的話
可以吃阿美米干
肉是超軟嫩的那種"
1126,YL S,椅子現在對臭豆腐變得好嚴格的感覺XD
1127,陽陽,感謝TOYZ，我都看你的影片避免踩到雷區
1128,Neil Huang,果然椅子還是小吃系列比較有參考性
1129,阿東事務所,Toyz味覺真的厲害
1130,Emily Chen,真心覺得Toyz問錯人，中壢美食雖然沒台北多，但不至於是美食沙漠
1131,b b,笑死 toyz也懂口吅品
1132,Jie seng Fang,推薦toyz去中原夜市的御冠園的鮮肉湯包，爆幹好吃，還有五桐號旁邊的蔥燒包，小丑馬鈴薯跟小上海的炸雞，全都算是中壢很TOP的美食
1133,Go Resse,椅子吃米干沒配豌豆粉或稀豆粉有點可惜!
1134,Kyoshiro Wu,呵呵，剛剛發表了新的米其林，椅子又可以去踢館了
1135,PUMA,椅子可以去北投酒米食堂評論以下食材嗎！有人去那邊消費給二星評價要被老闆告！美食評論只信椅子哥
1136,Po Po,能被椅子讚不絕口應該不錯
1137,Yidy,"忠貞那一圈好多米干店，下次椅子可以試試阿美的涼麵
、破酥包"
1138,Howard Lin,椅子要戰中壢人了
1139,螃蟹,看椅子被嘴好爽喔⋯療癒欸
1140,謝漢恩,我是覺得不用什麼都讓助理吃拉 椅子說難吃就難吃 說好吃就好吃 說普通就普通 旁邊附和而已  我是不懂讓他吃的意義== 還是乖乖拍攝就好
1141,nini,Toyz你根本問錯人了啦！ 還有很多好吃的，你再來一次！！！
1142,H AL,為什麼每次Toyz吃東西手都抖到不行
1143,Randy chen,小劉，不錯喔！
1144,貓,那天我有看到toyz在日寶蔥油餅
1145,勞贖 魔法,Toyz上片啦️
1146,何國任,椅子怎沒來我們阿舟母校中原大學的中原夜市吃一下 一堆好吃的都沒吃到可惜了
1147,煥寧的替身,ㄟ乾椅子旁邊是不是國旗屋
1148,Fish Yu,椅子怎麼都吃外來客的美食？
1149,ZZ Tsai,想請問Toyz哥戴的口罩款式 或是有人知道可以跟我說 感謝感謝
1150,Jerry Chen,@TOYZ 中壢要吃咖哩 樹太郎
1151,大谷,敢讓toyz進去吃的店就給讚
1152,Chatillon,"炒飯和麻油湯能被toyz讚美
這家店就很值得去吃了"
1153,阿溱,欣葉算是老餐廳，有些餐點是做得蠻好的，鍾菜 把自己形容的那麼高，應該也有度量接受批評，嫌貨人才是買貨人。喜歡Toyz節目，講得很直接。
1154,Wade Wilson,應該就是個人口味跟喜好不同，客人的接受度餐廳本身都能內部統計一下，不然也不會評為招牌菜或是繼續放在菜單裡面。這個單元主要還是娛樂效果為主，對店家有興趣的當然自己現場去消費看看就知道適不適合你了。至少這餐廳能並沒有因為是椅子就不同意拍攝。
1155,David Chan,其實只要有三道以上toyz覺得好吃就可以放心去吃了哈
1156,江宥騰,toyz講話真的很好笑又很靠北
1157,KW C,"我也覺得這家還不錯吃 可能椅子的口味比較重吧
調味相對清淡可能吃不慣"
1158,kof010485,豬肝光用看的跟聽椅子形容就覺得非常好吃  很明顯台式嫩粉肝不合港仔胃口而已
1159,林靖軒,感覺椅子講話有比較收斂了，不敢得罪太多家米其林餐廳
1160,t y,剛剛一邊看lck一邊吃了bbq 無骨起司公館店的 完全照著toyz推薦的點 但是：皮炸太乾 肉相對有骨的很少 不知道是不是公館這家沒做好 還是toyz的口味跟我不合 會再嘗試一次有骨的很少如果還是炸太乾 就不會再買了 個人目前吃過起家雞 nene跟bbq 最喜歡nene
1161,乘風破浪,"鐘菜，吃了三次，豬肝同行的人沒有一個不愛；雪菜蝦球我自己很喜歡每次必點；所以大家口味真的都不太一樣，炒飯沒試過下次來試試

但不得不說這間店再我心中評價很高，還有很多優秀菜色椅子沒有試試，可以再去吃看看"
1162,Chiii,小劉才剛收到之前的傳票 這次委婉許多了
1163,簫物瑰,雪菜粉只看的到雪菜蝦球，說什麼我都聽不到了超想馬上吃椅子的滿分炒飯，是什麼風格的，感謝解鎖新名單
1164,Chiang Lawrence,常常聽偷椅子說酥脆感，其實並不是油炸的食物就只追求酥脆口感，像前集的炸雞ㄧ樣，油炸物上面淋上醬料後口感肯定就是沒這麼酥脆，所以應該是純評論口味，不是一直執著油炸物就要酥脆，這真的只是你個人喜好問題而已，東西好不好吃應該都由口味去評斷，口感這東西比口味更主觀。
1165,最終,"每個人口味不同
椅子有說出喜歡跟不喜歡的原因
跟他口味類似的就會贊成
跟他口味不同的就會反對"
1166,TerrenceUTB,欣葉菜很多，家裡常去，有些椅子沒吃過的我家人很愛，豬肝也是常點的一道，或許是味道不合吧
1167,jejedidi520,看這集就感覺Toyz不是很懂台灣傳統臺菜的文化精髓，欣葉的香煎嫩豬肝真的很好吃，口感滑嫩，外皮微微酥，用的是粉肝，一定要趁熱吃，而且喜歡煎豬肝的人就是喜歡豬肝的那個風味，用太多醬汁蓋掉它本身的味道就不是傳統台灣乾煎豬肝了，改成醬爆豬肝算了，香港人好像習慣做醬爆系列吧，台灣菜脯蛋本來就是中間用老蔡脯，兩面蛋液要煎到金黃乾爽甚至帶點微焦香味，不是像港式滑蛋蝦仁的作法一樣一定要有濕度滑嫩，完全不同做法，他可能習慣吃港式滑蛋什麼的系列，油蔥雞也是就是吃土雞比較緊實的口感，跟香氣，而且傳統作法的話就是將雞用水煮熟，然後用蔥油冷泡一夜入味，雞肉充滿蔥香，油潤爽滑，皮一點點脆，中間有雞汁凍，這才是真正的蔥油雞！想要雞胸柔軟多汁就要用舒肥料理方式放棄傳統方式了！而且味道口感也不會一樣了，這樣就不需要用土雞或放山雞了，飼料雞也能做，美式炸雞都很嫩啊，都是飼料雞！用舒肥雖然連雞胸都能軟嫩，但就會偏向義法料理的感覺，這樣就跟主打台式傳統菜宗旨的方向背道而馳了！現在有傳統蔥油雞的店已經越來越少了！這集讓人感覺Toyz還是用了粵菜的喜歡在看台式傳統菜，有點為了嘴而嘴，並沒有真正去了解過臺菜！然後有些比較經典臺菜都沒點到，三杯雞，紅蟳米糕，芋頭米粉湯，潤餅，刈包，烤烏魚子，金瓜炒米粉，魷魚羹，古早味杏仁花生豆腐⋯等！
1168,Thomas Shuo Yen Chen,建議椅子還是去吃韓式炸雞比較適合啦 :)
1169,粉紅野豬騎士來摟,坦白說椅子的口味應該也只是她的口味 上一篇的臭豆腐讓我跑去試吃 結果就是...還是去吃適合自己的吧 椅子的口味不是普通台人愛的
1170,盤盤,偷椅子應該會很喜歡雪菜豬肝
1171,mingwei Ye,豬肝那個部分，完全就是個人口味了。我對豬肝的想法跟toyz太不一樣了。
1172,Eva,想看椅子評阿霞飯店在台南三井Outlet新開的「阿霞飯店ASHA」
1173,Yu hsuan Hung,說不定椅子去普通欣葉可能印象會好一點！
1174,cn Tsai,看了那麼多集 認真覺的椅子吃不懂臺菜 。你還是介紹一些粵菜吧
1175,Henry Hung,想看小劉去吃阿霞飯店、金蓬萊
1176,Lai Swiss,"笑死，還是那句話
椅子只有粵菜評價還能看看
其他就當笑話看就好
菜圃蛋煎的有點久…"
1177,MoReKa 114,湯豪可以找一集邀你兄弟小劉上美食拍一集嗎
1178,Mr.weı,有人知道椅子身上那件衣服是甚麼品牌嗎XD
1179,Lin Chihuei,一樣一句老話 「美食評論我只信 TOYZ」
1180,張睦培,欣葉的豬肝不好吃？？椅子的口味確實跟部分臺灣人（在下小弟我）不一樣啊⋯⋯
1181,高铭骏,整桌菜一个色调，是toyz不会点，还是经理条刚。进到被追捧的餐厅，好吃是应该，打分数是从满分往下扣。在高级餐厅会记住不及格的菜，在熱炒店只会关心那些好的菜。如果钟菜有行政主厨，那个卤肉，葱油鸡，菜埔蛋，从影片都能看出不及格，要嘛改菜单，要嘛换掉行政主厨
1182,李皮皮,Toyz這次的評論怎麼有點像強者傑哥啊
1183,b b,toyz你雖然只有國中畢業 但是英文能力不錯 可以找個時間分享香港的英文教育有什麼地方台灣可以學習的嗎？謝謝
1184,Nick Chris,如果豬肝真的像椅子哥這樣說的，那很毋湯欸
1185,呆Dai,"一堆人說椅子不懂吃，但台菜餐廳又不是只有台灣人會去，不同國家飲食習慣本就不一樣，發表自己的看法不是很正常?
難不成你去其他國家的餐廳吃就不會有吃不慣的問題?"
1186,黃柏硯 燕毛五技而不全,"我真的很好奇說的人到底也沒有來這家餐廳吃過阿沒吃過會知道嗎？Toyz就是以自己的口味去評，他也不是美食評論家,很多人說他雞肉乾雞肉柴，而且如果嫩是基本，那所有餐廳都不要用土雞肉了,都用肉雞就好...省成本又嫩，反正真的很多東西要自己嘗試才會知道，或許你當下去吃，在影片覺得東坡肉顏色很淡，但一入口卻很好吃也說不定，一家餐廳的好壞我真的覺得看他的影片不準還是要自己去吃，看一看好玩就好了，嘗試了不好吃下次不要去就好也沒損失，很多在那邊講話的人應該蠻多也不會來這種餐廳吃飯啦"
1187,為,之前正宗的韓國廚師師父也說炸雞真的不能太大塊 容易醃不入味，好的韓國炸雞不能太大塊，椅子說的是沒錯的
1188,其實我是臥底的貓,起家雞唯一推薦口味是起波雷 不過的確像toyz說的一樣 很容易軟 之前原本醬肉可以分開放 後來說不行
1189,Kay Huang,炸雞吃完一輪真的會肥死，而且韓式醬太邪惡了，不過看椅子吃很是羨慕
1190,Adam,為什麼toyz整天大魚大肉吃炸的皮膚還這麽好
1191,毛柏翔,看完 現在馬上殺到跟偷椅子一樣的慶城bb.q韓式炸雞 結果猜不到有醬的那個口味 然後慶城店真的超級超級難停車 建議撘捷運去
1192,L K,第二家很明顯被小劉的數學題給問倒了   硬凹 10塊錢是洗盤子    果真是賣給盤子
1193,Alex Chou,椅子我想問你基本上每一集都看你盤腿坐在地上，是都不會麻嗎？很屌欸
1194,Kero Suke,TOYZ會吃，大小跟入味真的有差，這見解跟韓國廚師孫榮一樣!
1195,李阿銘,看來椅子的影片包去高雄的BBQ朝聖  雷爆  點了半半。除了雞腿能吃以外。其他部位  乾柴到一個想翻桌
1196,清清清清,好想看小劉跟九妹拍對決
1197,小雷Rex,乾   第二家 TOYZ直接變成盤子XDDDD名符其實
1198,b b,toyz一定有客家人基因XDD
1199,賴心榆,雖然但是 不過拖椅子敢問真的牛逼
1200,dinner lin低能林,原來TOYZ也是客家人，會斤斤計較
1201,Paradox Sawn,日本京都的nene chicken特别辣鸡。感觉体会到椅子的感受了。这牌子出了韩国品控根本不行。
1202,詹子毅,"身為蟻粉今天特地去吃bbq
原味的半雞 大塊的真的很柴
起司的半雞 吃到一半就膩到不行
完全不是椅子講得不柴又不膩"
1203,mOoN,大麻椅子炸雞好好ㄔ 真香
1204,夜歌殘賦痕千古,椅子跟孫榮師傅的評價前二都一樣耶
1205,Tina Wang,Toyz的排名跟我一樣诶
1206,卡迪納,椅子 可以介紹一下你的刺青嗎
1207,Bunny Ke,Toyz：半半半半半半半半半半半半半半半半半半半半半半半半盤子
1208,Luna,店員不會回答就不要亂回答...回答洗盤子的價格會不會太離譜了？這種回答只會讓人更生氣吧！公司亂訂價錢，店內員工也亂胡扯，內用還硬要說，把所有客人都當盤子和北七嗎？Toyz好倒楣活生生被白噱了一頓...完全讓人不想踏進去嚐鮮，免得被當凱子噱。
1209,陳政豪,椅子 我發現你得衣服是不是沒有人折?你得影片上穿得衣服整個都皺皺的....
1210,炎飛,"住晶華建議吃ROBIN'S 牛排屋，現在柏麗廳超難吃千萬別去
椅子如果訂的到建議帶女伴去住文華東方，下午茶可以整組送進房間而且超漂亮
尤其buffet超狂，目前只有開放周末假日，雖然不便宜但絕對值得"
1211,雅馬,想看Toyz在三千元住宿飯店吃三千元的外送料理，不限定在哪一家飯店。
1212,冠億,我猜椅子想講的四字成語是東施效顰
1213,阿公a老人褲,這集的Toyz好厭世的感覺!!
1214,大棋子生的小棋子,希望小劉可以跟谷阿莫feat一集負評飯店，感覺很有料
1215,Ayan Lin,小劉最近很積極在上片呦
1216,賴聖文,椅子  總結是不是牛排搞錯了  你點的是肋眼不是戰斧~
1217,大天使三月七的老公,櫻島麻衣、蕾姆、魔法少女小圓、上面那隻是聖路易斯嗎？還有簡刻戀柱..對toyz的公仔有興趣
1218,mimic mirror,阿基師在哪家酒店？想看拖椅子的感想
1219,鄭傑予,椅子的衣服很好看欸 是哪裡買的
1220,ki lok choi,小劉是目標打算進來所有範疇的黑名單嗎
1221,高大ㄨㄟ 破200pr.操!,小劉講到吉野家~偶嘴裏整個飲料噴出來~這個［彬彬］就是遜
1222,雨過天晴,椅子是想說....畫虎不成反類犬嗎?
1223,戀愛家畜Awkward,"Toyz: Everything is really good!
還是Toyz: 4.5分 不要來 太貴了！"
1224,林寯頡,不愧是小劉，蹲過口才直接昇華了一個層次。
1225,b b,其實滿中肯的 西方白人對於海鮮調味沒有日本人在行 但對於肉類麵包很強 期待toyz去吃吃江戶前料理或懷石料理
1226,雅馬,想要看Toyz吃吃到飽的飯店餐廳
1227,龍鳳鯨,ㄟ阿航你可以跟椅子一起重拍早餐吃到飽和夜市牛排特輯嗎
1228,駺井光,"以在台灣能夠不花飛機票以及特地找尋就能吃到當地傳統的味道來說，聽起來是可以一試，只不過TOYZ也很誠實說出了這樣的料理體驗價個是五千多

大家能不能夠接受，我想見仁見智，以TOYZ的收入來說他認為這樣的價格他給4.5分，他選擇不會來吃，然而我們大部分的人的收入也許都還未能達到TOYZ的程度"
1229,彥翔,如果拖椅子能跟阿航開一個專門吃的頻道一定很讚
1230,Luna,Toyz又剪成平頭小劉了，你有頭髮時看起來比較帥，比較喜歡你介紹的，不需要靠來賓也有流量，而且也比較真實，誰說你不公道的，最喜歡看的就是你主持的美食公道伯啊！來賓讓人感覺很假。
1231,Rocky Lee,TOYZ對粉絲超好~
1232,Jeff,美食公道伯系列還是toyz一個人主持會更好。
1233,文華,其實老闆一直講「我們」是在暗諷toyz旁邊的兩個woman️老闆真是英明
1234,tin_o,介紹食物時收音偏遠，和來賓互動可以多些小 加油toyz 改變是好事，但比較雜亂
1235,Carmen Wu,就愛椅子說真話！
1236,任傑佑,奇怪了 找這種假假妹 連身材都藏起來是幹嘛XD 整個很尷尬 這次真的失敗了 整個尬聊 ><快點回到哈門的椅子啦
1237,Yourong Xie,略尬，小劉好像很緊張? 有沒有考慮刯9man出去吃一波，會吃又會形容比較好看
1238,可憐之人必有可恨支畜,找兩個花瓶 好像沒有比較好欸小劉
1239,林孟煒,Toyz自己拍感覺節奏比較好
1240,Yusc BG,還是比較習慣只有小劉
1241,castle Gr,小九九的實況頻道我不會點進去看，反而在toyz的頻道會多看兩眼，我比較喜歡像這樣沒有濾鏡自然美的感覺 讚
1242,精神科醫師,"上次看了TOYZ的影片紅豆餅吃了 紅豆，奶油，鮪魚玉米~感覺很不錯
我興沖沖的來到宜蘭的小時候紅豆餅前表示: 老闆，全部都給我來一份~
20分鐘過後~ 老闆: 總共230，謝謝 !!
我:… ?!??!? 一看原來有將近十種紅豆餅..."
1243,Adam Siao,"前面兩家都吃過，椅子夠公道
身為三重人龍門鴨肉羹不用多說，我吃了6.7年
鴨肉羹的天花板，那個湯很有東西，還有...真的沒有人在吃原味的，辣椒粉都是一個加得比一個多"
1244,超濃,北港鴨肉羹真滴好吃，終於等到小劉拍這家，每次去都是排隊，4.5.就差不多要賣完了
1245,Henry Chang,新竹有一間長興釣蝦場 的麻辣臭豆腐很厲害 希望椅子去吃看看
1246,Morris Liu,如果我記得沒錯的話，小劉的家離鴨肉羹好像很近
1247,Luna,那個男生小劉 聽起來不錯哦！有Toyz認證過好吃的都會讓人特別想去吃！美食公道伯說話實在又公道，不會因為推而推這點就給讚，讓人越來越喜歡這個單元～小劉評比就是讚
1248,小川,"【椅其林】指南如下
小劉：可以特地來吃吃看；Toyz：＊＊＊
小劉：有路過可以吃吃看；Toyz：＊＊
小劉：住附近可以吃吃看；Toyz：＊"
1249,Carmen Wu,椅子的評論認真中肯，幾乎所有我也有吃過的品項，評價出入不大，可以出個小劉指南了。
1250,sushi lee,好喜歡跟著toyz一起吃飯，真的好希望你留在台灣
1251,Anson 0908,完全沒有包袱的toyz無敵了吧
1252,KUANG LEE,波特曼香雞排 在內湖 是我吃過最好吃的雞排，會流雞汁的！炸的也非常剛好！建議椅子一定要去試試看！
1253,李岳承,想看椅子去新竹挖出10家平價美食
1254,莊誠,雙北地區好吃的雞排還真的蠻多，憑良心講起來，北部的雞排平均水平還是比南部要好一些，南部方面就只有江媽媽雞排跟昌平炸雞會推薦TOYZ去試試看，真的是有水準
1255,杯具Man,今天聽到米奇林的部份 感覺小劉可以用個米奇偉星星之類的 去幫店家評星星
1256,Shang,要吃肉圓的話 北斗肉圓應該是全台調味最特別的 推薦小劉路過彰化能吃吃
1257,郭小魚,不是在得罪網紅，就是在得罪網紅的路上，那個男生小劉。還不錯。有梗，這企劃還不錯繼續。
1258,桜井雫,"老闆：痾...
椅子：阿 不用
老闆：...
椅子：喔 還沒付錢"
1259,德霍華,士林華榮市場甜不辣賣的肉圓感覺也是椅子哥會喜歡的
1260,專業高爾夫教學-Jack,小劉講話越來越委婉了
1261,陳榮富,台中的成功臭豆腐也是好吃阿 小劉下次來台中記得去吃
1262,030 Hello,"請toyz美食家來桃園, 幫本地人找明天的食物qq"
1263,Rui,那個男生小劉 太神啦
1264,鈴音,可以叫椅子回去打lol嗎 美食公道伯有椅子=沒料，小劉比他好多了
1265,CC C,"kiki甚麼都吹真的不行
看過幾次影片就知道沒必要看了
果然還是我們椅子公道"
1266,a1111130512,那個肉圓椅子覺得好吃的話 那你來彰化吃有好幾間妳應該會都覺得不錯
1267,Mr. Lin,小劉可以拍拍台南的夜市美食嗎?
1268,莊圈圏,椅子哥什麼時候來台南拍一集
1269,C Y,那個男生小劉，有梗哈哈
1270,Tommy,就年輕人吃不夠多，然後想賺錢，當然誰都不得罪，椅子拍的我幾乎都吃過
1271,觀世in put薩,為什麼錄羊肉羹那邊好像剛哭過還是快哭的樣子吃的這麼委屈嗎椅子
1272,XX X,我不要小劉 我要那個Toyz 怎麼可以因為是女生就放水 還我美食公道伯
1273,JIAN ALEX,巧巧要吃雞翅不是是吃雞排，他們家厲害的是雞翅跟甜不辣，toyz你吃錯啦！企劃都沒先做功課嗎！！！？
1274,yin zhang,那個男生椅子
1275,小林Lin's life,那個男生小劉懂吃
1276,幹去你媽,笑死小劉發言越來越嚴謹了
1277,梁鈺欣,那個抄襲小劉
1278,宜學 蔡,TOYZ說的太貼切了~~我也是認為阿義那個莫名其妙的蚵仔魯肉飯到底那裡好吃的人之一(當初也是看了部落客推薦去吃~吃了覺得亂難吃的完全不懂是在推薦什麼東西)
1279,Kai Kai,基隆廟口30號攤 半夜10點之後才開的滷肉飯 應該是豬背油 因為攪一攪肥油都不見了融化在飯中!!在+一顆魯鴨蛋 升天了!!蝦仁羹倒是還好~但是能續湯 送給Toyz品嚐
1280,莊誠,"其實蛇肉本身就蠻硬且帶有嚼勁的，有興趣可以去台中試試看，至於三杯鱉肉方面，比較建議點藥燉的品項，因為他的肉也是非常有嚼勁，皮也煮不太爛，所以需要長時間藥燉的湯頭料理才會好吃，類似這種料理其實南部很多，我不懂為什麼台北華西街可以號稱台灣唯一???
有機會還是建議TOYZ去南部試試看吧!!"
1281,傅政凱,椅子哥會不會老了之後只剩泡麵可以吃 真男人啊
1282,shin shin Low,這一集畫面呈現的質感不錯喔；椅子最近沒直播是因為忙著搬家嗎？
1283,apple300,想看椅子做一集阿公店一日遊
1284,林善崙,toyz如果愛吃割包...住台北應該試試看 德惠街 欣葉總店的割包
1285,六廷,個人覺得萬華真正的美食應該是在康定路和桂林路交叉路口附近的鑽石大樓上椅子可以去試試看
1286,Kyle Wang,"美食喜好本來就很主觀
大家不用為了Toyz覺得哪家好吃，網友留言哪家好吃，跟你不同意見就留言開嘴

大家推薦自己喜好的東西"
1287,康佑安,"既然Toyz覺得第一家70元的香菇跟滷肉格格不入
好奇他們的30塊滷肉飯怎麼樣呢"
1288,林振,蛇肉在台南小北夜市那裡有一間，toyz有機會可以去吃吃看，順便拍個台南公道伯
1289,lo ng,"身為在地人，唉.....
小王真的別再推了~

還以為Toyz一直都評的不錯"
1290,TED,TOYZ這麼愛吃滷肉飯 要不要來基隆吃啊
1291,eken建宇,看來toyz準備要拍會客菜公道伯了
1292,C8763,土城的陳家莊滷肉飯推薦給椅子 絕對是有靈魂的滷肉飯
1293,Glatt格拉特,想看toyz 吃看看展鐵板燒
1294,an H,小劉便會講話了真棒
1295,Vic,"Toyz 住三重 我真心推薦 五華街 割包小天地
真心好吃 花生粉 香菜 酸菜比例很好
滷的夠味肥肉不膩 可選肥瘦 推薦偏肥"
1296,JI XIAN WENG,想看椅子吃新竹的廟口鴨香飯
1297,阿秋,我看很多集了 一直很疑惑一個問題 為什麼toyz 食物放進去嘴巴的時候手都會一直抖 感覺是很困難的動作似的
1298,小小工讀生,偷椅子可以去台南開箱嗎?? 我桃園鄉下人想知道
1299,前田健太,不知道toyz 有沒有吃過晴光市場的黃記滷肉飯
1300,鄭小欣,椅子 吃東西 手真抖
1301,Dicky Chen,好吧 TOYZ好笑
1302,世界最大肥貓,Toyz會來金門吃美食嗎
1303,豪哥,好笑了，原來偷椅子拿的是傳說對決的冠軍?我記得不是英雄聯盟嗎？
1304,FOMOstoner,Toyz是不是都哈完才去吃阿
1305,K,離題一下，toyz現在已經不打遊戲了嗎？好像已經很久沒看到他的遊戲直播了...
1306,John,椅子打的原來是傳說對決，我之前都誤會了
1307,瑞斯叔叔,原來椅子有在打傳說對決
1308,張優吐,跟今大完全不能比好嗎小王跟阿義都不行啦⋯⋯toyz北投矮仔財去吃吃看保證台北最強
1309,莫晏丞,看來平行時空的小劉有在實況傳說對決
1310,aqa tam,傳説對決-世界冠軍toyz
1311,龍鳳鯨,椅子哥什麼時候拜託統神跟哥哥道歉
1312,李鋼,"身為宜蘭人 一直對TOYZ 給的評價充滿懷疑 直到今天 你來宜蘭評論了一番以後  我可以給你一個非常中肯的大拇指...
真的非常公道 前面我自己也光顧過 確實好吃 最後一家阿灶伯呢..就是盤觀光客的 是真他媽難吃的一家 但是盤子又超多"
1313,林展鵬,從評價阿灶伯的評價後，我又更肯定椅子的公道伯確實很公道，不會屈服在名聲之下
1314,Wei,椅子真的是在帶動台灣美食經濟
1315,Shanley Chen,"阿灶伯真的超普通！不懂到底在排什麼，位子又小又擠又熱、等很久，一吃傻眼，這到底有什麼好排不會想吃第二次… 
Toyz評價果然中肯，而且看了之前冷凍水餃評比，去買了ALIN的水餃真的好吃
這次蒜味肉羹有吸引到我～"
1316,Luna,Toyz結尾吃蔥的畫面真的太震撼了！笑到不行，這樣就不算沒吃到宜蘭三星蔥了，哈哈，不過單吃蔥不會很辣嗎？
1317,Adesan The,"你好Toyz
看了你將近10年，中間斷斷續續的，
一直很喜歡你，想不到你這次來宜蘭吃美食 當下沒有關注到你的貼文 我在宜蘭流動夜市擺攤好一陣子了 生意還算可以 賣鮮奶麻吉 希望你有空可以來吃吃看 拍攝是其次"
1318,Josh Huang,"阿娘給隔壁的瓜仔雞麵也超好吃的~
也宜蘭在地老店~
可惜Toyz沒有吃到~"
1319,范秀華,想看椅子 吃吃台北的大鵬壽司 每一口都是食物自然的甜味
1320,天也洋菜,可惜沒看到椅子去吃東門夜市的蔥油餅，那家真的是蔥油餅界天花板
1321,玲玲兒,如果宜蘭真的是美食沙漠 就不會有那麼觀光客了 椅子我IG也有推薦你 但沒出現在這次影片上面QQ
1322,葉大維,感謝為宜蘭發聲~感謝 椅子哥
1323,wei lin,toyz好老闆~都給員工吃剩的口水
1324,Vivian,小劉～宜蘭一直都不是美食沙漠QQ 是不是記錯了
1325,Rian Lee,"小劉 你公司還缺人嗎
整個很想去你那邊上班"
1326,激怒你喂,小劉啊，要去吃大麵章，俗稱賭博麵啊，便宜又好吃。
1327,我的媽,"toyz能去吃高雄市鳥松區 鳥松國小門口的羊肉羹嗎 超級好吃
建議加醋加辣椒"
1328,Chen Justin,可以拍花蓮的嗎想看椅子推什麼
1329,我暉哥啦,還在等Toyz的從零開始
1330,Tim,toyz手機桌布讚哦
1331,范晉嘉,還是其實椅子是庶民嘴不適合吃貴的
1332,YEN Lin,完全在亂吃欸你，宜蘭在地人都不會去你介紹的這幾家，椅子完全被反串騙了啦
1333,龍鳳鯨,ㄟ椅子哥統神現在也在宜蘭拍片 你們這麼這麼巧 連巧了兩次了 你是不是假藉拍片之名私底下跟統統密會
1334,asd123m2001,Toyz 敢不敢去桃園美食沙漠
1335,yao,toyz手機桌布有料
1336,EW W,美食節目 我只看TOYZ
1337,fai Wong,Toyz  ~~~
1338,,垃圾車玩笑椅子講特別有料XD
1339,玖兔🐇Kyuusagi,小劉做的效果感覺越來越自然了 期待之後可以重新回來開直播! 還有祝小劉早日重回巔峰
1340,雪雪,"看Toyz吃東西感覺好享受 喜歡Toyz吃東西的感覺
真希望有天案子趕快結束 Toyz可以在台灣平平安安幸幸福福的過日子"
1341,翔翔,蘆洲人早就想看小劉來蘆洲夜市了，個人很喜歡清蒸肉圓，但一份明明是兩顆，湧蓮寺外一家炭烤也很好吃，蘆洲從長安街光華路再到蘆洲夜市吃兩輪還不滿足，但幾年前的蘆洲才是美食天堂，是已經有很多店家沒做了。
1342,江小小,"蘆洲夜市這一帶真的很多好吃的!!
住在附近真的不用擔心餓死，還可以保有吃到美食的幸福感XD
感謝小劉來蘆洲觀光~"
1343,Victor,住三民路這些東西從小吃到大的我真是身在福中不知福( ˶ ❛ ꁞ ❛ ˶ )，感謝Toyz來關心蘆洲人( /^ω^)/♪♪說不定有幸當鄰居XD
1344,Luna,看到Toyz來到蘆洲拍夜市，身為也住在這裡的粉絲，真得超開心的！好可惜沒能遇到，不過看到你介紹那麼多美食還說到可能搬過來就好興奮，希望可以當小劉的鄰居，蘆洲永遠歡迎你來！福州包真的好吃，還有汪派炒羊肉也很美味，誠摯推薦！
1345,Akira,我喜歡Toyz的每部影片，之前你因為哈麻而進去牢裡蹲過，說實話跟我一點關係都沒有，不影響我對你的支持度，我單純就是喜歡你用消費者的角度去評論食物，希望可以一直持續下去！加油！
1346,b b,感謝toyz做這集 以後要去探訪蘆洲親友就可以去吃了也歡迎toyz來永和樂華夜市喔
1347,Love hibiki,toyz 我推薦你開場那邊的沙威瑪 很好吃 往裡面走一點點的豬血糕也很讚  十字路口的水果飲料店 往右走還有楊家芋粿 地瓜球   還有周烏豬魯肉飯
1348,虚空的虚空🙃️,笑死聽到垃圾車的音樂還自覺是來接自己的。小劉開自己玩笑沒在怕的
1349,何憬祈,希望Toyz能夠堅持戒毒加油加油
1350,JiaHsien Lin,"身為蘆洲人
Toyz選的店在蘆洲都算不錯的
不過蘆洲就那麼小
可能真的只有這幾家很好吃"
1351,鮭魚,蘆洲還有很多好吃的期待椅子再來🥹🥹
1352,鄭小剛,希望Toyz能夠堅持戒毒加油加油
1353,林先生,"身為蘆洲人
Toyz選的店在蘆洲都算不錯的
不過蘆洲就那麼小
可能真的只有這幾家很好吃"
1354,詩詩,蘆洲還有很多好吃的期待椅子再來🥹🥹
1355,基百郎,感謝托椅子介紹，我台北去過一堆夜市，就是還沒去過蘆洲 XD
1356,珍妮佛羅陪吃,小劉 下次來台中旱溪夜市吧 你不會失望的
1357,Yi Bang,"難得看到椅子哥大推特推
有機會真的想去吃看看xD"""
1358,Sam L,"Toyz可以拍一個系列大學附近 讚/雷的食物嗎
第一集可以拍淡江大學附近的「烤大學」"
1359,Pin Pin,住蘆洲20多年，很多好吃的沒有做外送，不太建議椅子搬來啦XD
1360,愛佐佐,"蘆洲信義路287號的炸肉圓超推!!!!
椅子哥可以去吃吃看"
1361,AenN,"蘆洲應該是空屋率最低的 ~ 椅子應該是說錯了
新聞有報導，七都空屋率最低在蘆洲
Google都查的到 !"
1362,owen,"瀨戶老阿伯甜不辣專賣店
蘆洲中山一路114號
這家炸肉圓椅子️應該會喜歡
推薦你"
1363,Wei Lin,歡迎Toyz來蘆洲：）
1364,王子man,樹林有什麼好吃的 我等小劉影片  :))
1365,阿哲,為什麼toyz把房子賣了
1366,KENT JJ,"那天買飲料有遇到TOYZ
我是旁邊帶著柯基的粉絲
不太好意思和偶像打招呼"
1367,FBI 抓蘿莉控,小劉什麼時候去得吖！我每天都會在那邊怎麼都沒遇到
1368,cenlo5,支持Toyz啦
1369,Jeffrey Lin,小劉知道 13:02 肉圓老闆娘在後面嗎
1370,冥哥,看到椅子 卻來不及跟你拍照 
1371,MoReKa 114,我的椅子哥是真的帥
1372,林俊達,toyz來新莊拉
1373,筱嫚丁,椅子手抖成這樣 身體還好嗎
1374,彰李,噢噢噢噢噢噢toyz在我家旁邊逛街我都不知道，乾
1375,五股郎Neil,歡迎小劉來五股
1376,相册,？？？toyz，我记得toyz不是没了吗
